[{"model": "contenttypes.contenttype", "pk": 1, "fields": {"app_label": "admin", "model": "logentry"}}, {"model": "contenttypes.contenttype", "pk": 2, "fields": {"app_label": "auth", "model": "permission"}}, {"model": "contenttypes.contenttype", "pk": 3, "fields": {"app_label": "auth", "model": "user"}}, {"model": "contenttypes.contenttype", "pk": 4, "fields": {"app_label": "auth", "model": "group"}}, {"model": "contenttypes.contenttype", "pk": 5, "fields": {"app_label": "contenttypes", "model": "contenttype"}}, {"model": "contenttypes.contenttype", "pk": 6, "fields": {"app_label": "sessions", "model": "session"}}, {"model": "contenttypes.contenttype", "pk": 7, "fields": {"app_label": "api", "model": "playertrophy"}}, {"model": "contenttypes.contenttype", "pk": 8, "fields": {"app_label": "api", "model": "badge"}}, {"model": "contenttypes.contenttype", "pk": 9, "fields": {"app_label": "api", "model": "session"}}, {"model": "contenttypes.contenttype", "pk": 10, "fields": {"app_label": "api", "model": "terminal"}}, {"model": "contenttypes.contenttype", "pk": 11, "fields": {"app_label": "api", "model": "player"}}, {"model": "contenttypes.contenttype", "pk": 12, "fields": {"app_label": "api", "model": "playerpowerup"}}, {"model": "contenttypes.contenttype", "pk": 13, "fields": {"app_label": "api", "model": "question"}}, {"model": "contenttypes.contenttype", "pk": 14, "fields": {"app_label": "api", "model": "powerup"}}, {"model": "contenttypes.contenttype", "pk": 15, "fields": {"app_label": "api", "model": "trophy"}}, {"model": "contenttypes.contenttype", "pk": 16, "fields": {"app_label": "api", "model": "playerquestion"}}, {"model": "sessions.session", "pk": "65fa60qjebz3dnr8fx9czmje3nu88edq", "fields": {"session_data": "MTEzZTM3ZTgwN2JkMGFhOTg0Y2E5YjkyZTk2NjJiNjkzMTQxODFjNTp7Il9hdXRoX3VzZXJfaGFzaCI6IjZkZjNmOTRjNDYwZWFjMDRjYTc1MzAwODM1MmYxMDhjY2E4NmE3YTAiLCJfYXV0aF91c2VyX2JhY2tlbmQiOiJkamFuZ28uY29udHJpYi5hdXRoLmJhY2tlbmRzLk1vZGVsQmFja2VuZCIsIl9hdXRoX3VzZXJfaWQiOiIxIn0=", "expire_date": "2016-11-04T09:16:59.338Z"}}, {"model": "sessions.session", "pk": "9jvp52tqbiwmvbwak47hkq1g03hradm3", "fields": {"session_data": "MTEzZTM3ZTgwN2JkMGFhOTg0Y2E5YjkyZTk2NjJiNjkzMTQxODFjNTp7Il9hdXRoX3VzZXJfaGFzaCI6IjZkZjNmOTRjNDYwZWFjMDRjYTc1MzAwODM1MmYxMDhjY2E4NmE3YTAiLCJfYXV0aF91c2VyX2JhY2tlbmQiOiJkamFuZ28uY29udHJpYi5hdXRoLmJhY2tlbmRzLk1vZGVsQmFja2VuZCIsIl9hdXRoX3VzZXJfaWQiOiIxIn0=", "expire_date": "2016-11-04T11:04:00.326Z"}}, {"model": "sessions.session", "pk": "cp7yp5k8fwn5kg0l2o2v4dibbwroxb2k", "fields": {"session_data": "MTEzZTM3ZTgwN2JkMGFhOTg0Y2E5YjkyZTk2NjJiNjkzMTQxODFjNTp7Il9hdXRoX3VzZXJfaGFzaCI6IjZkZjNmOTRjNDYwZWFjMDRjYTc1MzAwODM1MmYxMDhjY2E4NmE3YTAiLCJfYXV0aF91c2VyX2JhY2tlbmQiOiJkamFuZ28uY29udHJpYi5hdXRoLmJhY2tlbmRzLk1vZGVsQmFja2VuZCIsIl9hdXRoX3VzZXJfaWQiOiIxIn0=", "expire_date": "2016-11-04T06:55:25.520Z"}}, {"model": "sessions.session", "pk": "eizz7rk8mf8e1y517ot79iwqfx61us7i", "fields": {"session_data": "MTEzZTM3ZTgwN2JkMGFhOTg0Y2E5YjkyZTk2NjJiNjkzMTQxODFjNTp7Il9hdXRoX3VzZXJfaGFzaCI6IjZkZjNmOTRjNDYwZWFjMDRjYTc1MzAwODM1MmYxMDhjY2E4NmE3YTAiLCJfYXV0aF91c2VyX2JhY2tlbmQiOiJkamFuZ28uY29udHJpYi5hdXRoLmJhY2tlbmRzLk1vZGVsQmFja2VuZCIsIl9hdXRoX3VzZXJfaWQiOiIxIn0=", "expire_date": "2016-11-03T01:57:57.463Z"}}, {"model": "sessions.session", "pk": "k2so86u38akvm3xe5e3sc1zf4efm69ih", "fields": {"session_data": "MTEzZTM3ZTgwN2JkMGFhOTg0Y2E5YjkyZTk2NjJiNjkzMTQxODFjNTp7Il9hdXRoX3VzZXJfaGFzaCI6IjZkZjNmOTRjNDYwZWFjMDRjYTc1MzAwODM1MmYxMDhjY2E4NmE3YTAiLCJfYXV0aF91c2VyX2JhY2tlbmQiOiJkamFuZ28uY29udHJpYi5hdXRoLmJhY2tlbmRzLk1vZGVsQmFja2VuZCIsIl9hdXRoX3VzZXJfaWQiOiIxIn0=", "expire_date": "2016-11-03T13:57:47.965Z"}}, {"model": "sessions.session", "pk": "s37osc5i30mmnvws18805xbv53vao8uq", "fields": {"session_data": "MTEzZTM3ZTgwN2JkMGFhOTg0Y2E5YjkyZTk2NjJiNjkzMTQxODFjNTp7Il9hdXRoX3VzZXJfaGFzaCI6IjZkZjNmOTRjNDYwZWFjMDRjYTc1MzAwODM1MmYxMDhjY2E4NmE3YTAiLCJfYXV0aF91c2VyX2JhY2tlbmQiOiJkamFuZ28uY29udHJpYi5hdXRoLmJhY2tlbmRzLk1vZGVsQmFja2VuZCIsIl9hdXRoX3VzZXJfaWQiOiIxIn0=", "expire_date": "2016-11-04T07:51:05.140Z"}}, {"model": "sessions.session", "pk": "ty883o1fwyrefmu6jgjxpx4iobpkkhh6", "fields": {"session_data": "MTEzZTM3ZTgwN2JkMGFhOTg0Y2E5YjkyZTk2NjJiNjkzMTQxODFjNTp7Il9hdXRoX3VzZXJfaGFzaCI6IjZkZjNmOTRjNDYwZWFjMDRjYTc1MzAwODM1MmYxMDhjY2E4NmE3YTAiLCJfYXV0aF91c2VyX2JhY2tlbmQiOiJkamFuZ28uY29udHJpYi5hdXRoLmJhY2tlbmRzLk1vZGVsQmFja2VuZCIsIl9hdXRoX3VzZXJfaWQiOiIxIn0=", "expire_date": "2016-11-04T12:40:01.953Z"}}, {"model": "api.trophy", "pk": 1, "fields": {"name": "Genius", "description": "Answer 10 questions correctly in a row"}}, {"model": "api.trophy", "pk": 2, "fields": {"name": "Prodigy", "description": "Answer 5 questions correctly in a row"}}, {"model": "api.trophy", "pk": 3, "fields": {"name": "Gemini", "description": "Play with the same player more than once"}}, {"model": "api.trophy", "pk": 4, "fields": {"name": "FakeTrophy", "description": "Fake description muhahaha!"}}, {"model": "api.powerup", "pk": 1, "fields": {"name": "Frys klokka!", "icon_url": "powerup_icons/ice_age.png", "description": "Stopper timeren i 30 sekunder"}}, {"model": "api.powerup", "pk": 3, "fields": {"name": "Dobbel XP", "icon_url": "powerup_icons/double_xp.png", "description": "F\u00e5 dobbel xp for dette sp\u00f8rsm\u00e5let, bruk n\u00e5r du er bombesikker!"}}, {"model": "api.powerup", "pk": 4, "fields": {"name": "Hint", "icon_url": "powerup_icons/hint.png", "description": "Vanskelig sp\u00f8rsm\u00e5l? Ta hintet da!"}}, {"model": "api.playertrophy", "pk": 53, "fields": {"player": 14, "trophy": 1, "earned": false}}, {"model": "api.playertrophy", "pk": 54, "fields": {"player": 14, "trophy": 2, "earned": false}}, {"model": "api.playertrophy", "pk": 55, "fields": {"player": 14, "trophy": 3, "earned": false}}, {"model": "api.playertrophy", "pk": 56, "fields": {"player": 14, "trophy": 4, "earned": false}}, {"model": "api.playertrophy", "pk": 57, "fields": {"player": 15, "trophy": 1, "earned": false}}, {"model": "api.playertrophy", "pk": 58, "fields": {"player": 15, "trophy": 2, "earned": false}}, {"model": "api.playertrophy", "pk": 59, "fields": {"player": 15, "trophy": 3, "earned": false}}, {"model": "api.playertrophy", "pk": 60, "fields": {"player": 15, "trophy": 4, "earned": false}}, {"model": "api.playertrophy", "pk": 61, "fields": {"player": 16, "trophy": 1, "earned": false}}, {"model": "api.playertrophy", "pk": 62, "fields": {"player": 16, "trophy": 2, "earned": false}}, {"model": "api.playertrophy", "pk": 63, "fields": {"player": 16, "trophy": 3, "earned": false}}, {"model": "api.playertrophy", "pk": 64, "fields": {"player": 16, "trophy": 4, "earned": false}}, {"model": "api.playertrophy", "pk": 65, "fields": {"player": 17, "trophy": 1, "earned": false}}, {"model": "api.playertrophy", "pk": 66, "fields": {"player": 17, "trophy": 2, "earned": false}}, {"model": "api.playertrophy", "pk": 67, "fields": {"player": 17, "trophy": 3, "earned": false}}, {"model": "api.playertrophy", "pk": 68, "fields": {"player": 17, "trophy": 4, "earned": false}}, {"model": "api.playertrophy", "pk": 69, "fields": {"player": 18, "trophy": 1, "earned": false}}, {"model": "api.playertrophy", "pk": 70, "fields": {"player": 18, "trophy": 2, "earned": false}}, {"model": "api.playertrophy", "pk": 71, "fields": {"player": 18, "trophy": 3, "earned": false}}, {"model": "api.playertrophy", "pk": 72, "fields": {"player": 18, "trophy": 4, "earned": false}}, {"model": "api.playertrophy", "pk": 73, "fields": {"player": 19, "trophy": 1, "earned": false}}, {"model": "api.playertrophy", "pk": 74, "fields": {"player": 19, "trophy": 2, "earned": false}}, {"model": "api.playertrophy", "pk": 75, "fields": {"player": 19, "trophy": 3, "earned": false}}, {"model": "api.playertrophy", "pk": 76, "fields": {"player": 19, "trophy": 4, "earned": false}}, {"model": "api.playertrophy", "pk": 77, "fields": {"player": 20, "trophy": 1, "earned": false}}, {"model": "api.playertrophy", "pk": 78, "fields": {"player": 20, "trophy": 2, "earned": false}}, {"model": "api.playertrophy", "pk": 79, "fields": {"player": 20, "trophy": 3, "earned": false}}, {"model": "api.playertrophy", "pk": 80, "fields": {"player": 20, "trophy": 4, "earned": false}}, {"model": "api.playertrophy", "pk": 81, "fields": {"player": 21, "trophy": 1, "earned": false}}, {"model": "api.playertrophy", "pk": 82, "fields": {"player": 21, "trophy": 2, "earned": false}}, {"model": "api.playertrophy", "pk": 83, "fields": {"player": 21, "trophy": 3, "earned": false}}, {"model": "api.playertrophy", "pk": 84, "fields": {"player": 21, "trophy": 4, "earned": false}}, {"model": "api.playertrophy", "pk": 85, "fields": {"player": 22, "trophy": 1, "earned": false}}, {"model": "api.playertrophy", "pk": 86, "fields": {"player": 22, "trophy": 2, "earned": false}}, {"model": "api.playertrophy", "pk": 87, "fields": {"player": 22, "trophy": 3, "earned": false}}, {"model": "api.playertrophy", "pk": 88, "fields": {"player": 22, "trophy": 4, "earned": false}}, {"model": "api.playertrophy", "pk": 89, "fields": {"player": 23, "trophy": 1, "earned": false}}, {"model": "api.playertrophy", "pk": 90, "fields": {"player": 23, "trophy": 2, "earned": false}}, {"model": "api.playertrophy", "pk": 91, "fields": {"player": 23, "trophy": 3, "earned": false}}, {"model": "api.playertrophy", "pk": 92, "fields": {"player": 23, "trophy": 4, "earned": false}}, {"model": "api.playertrophy", "pk": 93, "fields": {"player": 24, "trophy": 1, "earned": false}}, {"model": "api.playertrophy", "pk": 94, "fields": {"player": 24, "trophy": 2, "earned": false}}, {"model": "api.playertrophy", "pk": 95, "fields": {"player": 24, "trophy": 3, "earned": false}}, {"model": "api.playertrophy", "pk": 96, "fields": {"player": 24, "trophy": 4, "earned": false}}, {"model": "api.playertrophy", "pk": 97, "fields": {"player": 25, "trophy": 1, "earned": false}}, {"model": "api.playertrophy", "pk": 98, "fields": {"player": 25, "trophy": 2, "earned": false}}, {"model": "api.playertrophy", "pk": 99, "fields": {"player": 25, "trophy": 3, "earned": false}}, {"model": "api.playertrophy", "pk": 100, "fields": {"player": 25, "trophy": 4, "earned": false}}, {"model": "api.playertrophy", "pk": 101, "fields": {"player": 26, "trophy": 1, "earned": false}}, {"model": "api.playertrophy", "pk": 102, "fields": {"player": 26, "trophy": 2, "earned": false}}, {"model": "api.playertrophy", "pk": 103, "fields": {"player": 26, "trophy": 3, "earned": false}}, {"model": "api.playertrophy", "pk": 104, "fields": {"player": 26, "trophy": 4, "earned": false}}, {"model": "api.playertrophy", "pk": 105, "fields": {"player": 27, "trophy": 1, "earned": false}}, {"model": "api.playertrophy", "pk": 106, "fields": {"player": 27, "trophy": 2, "earned": false}}, {"model": "api.playertrophy", "pk": 107, "fields": {"player": 27, "trophy": 3, "earned": false}}, {"model": "api.playertrophy", "pk": 108, "fields": {"player": 27, "trophy": 4, "earned": false}}, {"model": "api.playertrophy", "pk": 109, "fields": {"player": 28, "trophy": 1, "earned": false}}, {"model": "api.playertrophy", "pk": 110, "fields": {"player": 28, "trophy": 2, "earned": false}}, {"model": "api.playertrophy", "pk": 111, "fields": {"player": 28, "trophy": 3, "earned": false}}, {"model": "api.playertrophy", "pk": 112, "fields": {"player": 28, "trophy": 4, "earned": false}}, {"model": "api.playertrophy", "pk": 113, "fields": {"player": 29, "trophy": 1, "earned": false}}, {"model": "api.playertrophy", "pk": 114, "fields": {"player": 29, "trophy": 2, "earned": false}}, {"model": "api.playertrophy", "pk": 115, "fields": {"player": 29, "trophy": 3, "earned": false}}, {"model": "api.playertrophy", "pk": 116, "fields": {"player": 29, "trophy": 4, "earned": false}}, {"model": "api.playertrophy", "pk": 117, "fields": {"player": 30, "trophy": 1, "earned": false}}, {"model": "api.playertrophy", "pk": 118, "fields": {"player": 30, "trophy": 2, "earned": false}}, {"model": "api.playertrophy", "pk": 119, "fields": {"player": 30, "trophy": 3, "earned": false}}, {"model": "api.playertrophy", "pk": 120, "fields": {"player": 30, "trophy": 4, "earned": false}}, {"model": "api.playertrophy", "pk": 121, "fields": {"player": 31, "trophy": 1, "earned": false}}, {"model": "api.playertrophy", "pk": 122, "fields": {"player": 31, "trophy": 2, "earned": false}}, {"model": "api.playertrophy", "pk": 123, "fields": {"player": 31, "trophy": 3, "earned": false}}, {"model": "api.playertrophy", "pk": 124, "fields": {"player": 31, "trophy": 4, "earned": false}}, {"model": "api.playertrophy", "pk": 125, "fields": {"player": 32, "trophy": 1, "earned": false}}, {"model": "api.playertrophy", "pk": 126, "fields": {"player": 32, "trophy": 2, "earned": false}}, {"model": "api.playertrophy", "pk": 127, "fields": {"player": 32, "trophy": 3, "earned": false}}, {"model": "api.playertrophy", "pk": 128, "fields": {"player": 32, "trophy": 4, "earned": false}}, {"model": "api.playertrophy", "pk": 129, "fields": {"player": 33, "trophy": 1, "earned": false}}, {"model": "api.playertrophy", "pk": 130, "fields": {"player": 33, "trophy": 2, "earned": false}}, {"model": "api.playertrophy", "pk": 131, "fields": {"player": 33, "trophy": 3, "earned": false}}, {"model": "api.playertrophy", "pk": 132, "fields": {"player": 33, "trophy": 4, "earned": false}}, {"model": "api.playerpowerup", "pk": 42, "fields": {"player": 14, "powerup": 1, "quantity": 4}}, {"model": "api.playerpowerup", "pk": 43, "fields": {"player": 14, "powerup": 3, "quantity": 5}}, {"model": "api.playerpowerup", "pk": 44, "fields": {"player": 14, "powerup": 4, "quantity": 2}}, {"model": "api.playerpowerup", "pk": 45, "fields": {"player": 15, "powerup": 1, "quantity": 3}}, {"model": "api.playerpowerup", "pk": 46, "fields": {"player": 15, "powerup": 3, "quantity": 3}}, {"model": "api.playerpowerup", "pk": 47, "fields": {"player": 15, "powerup": 4, "quantity": 4}}, {"model": "api.playerpowerup", "pk": 48, "fields": {"player": 16, "powerup": 1, "quantity": 4}}, {"model": "api.playerpowerup", "pk": 49, "fields": {"player": 16, "powerup": 3, "quantity": 0}}, {"model": "api.playerpowerup", "pk": 50, "fields": {"player": 16, "powerup": 4, "quantity": 4}}, {"model": "api.playerpowerup", "pk": 51, "fields": {"player": 17, "powerup": 1, "quantity": 6}}, {"model": "api.playerpowerup", "pk": 52, "fields": {"player": 17, "powerup": 3, "quantity": 0}}, {"model": "api.playerpowerup", "pk": 53, "fields": {"player": 17, "powerup": 4, "quantity": 1}}, {"model": "api.playerpowerup", "pk": 54, "fields": {"player": 18, "powerup": 1, "quantity": 5}}, {"model": "api.playerpowerup", "pk": 55, "fields": {"player": 18, "powerup": 3, "quantity": 0}}, {"model": "api.playerpowerup", "pk": 56, "fields": {"player": 18, "powerup": 4, "quantity": 2}}, {"model": "api.playerpowerup", "pk": 57, "fields": {"player": 19, "powerup": 1, "quantity": 2}}, {"model": "api.playerpowerup", "pk": 58, "fields": {"player": 19, "powerup": 3, "quantity": 1}}, {"model": "api.playerpowerup", "pk": 59, "fields": {"player": 19, "powerup": 4, "quantity": 2}}, {"model": "api.playerpowerup", "pk": 60, "fields": {"player": 20, "powerup": 1, "quantity": 1}}, {"model": "api.playerpowerup", "pk": 61, "fields": {"player": 20, "powerup": 3, "quantity": 5}}, {"model": "api.playerpowerup", "pk": 62, "fields": {"player": 20, "powerup": 4, "quantity": 5}}, {"model": "api.playerpowerup", "pk": 63, "fields": {"player": 21, "powerup": 1, "quantity": 3}}, {"model": "api.playerpowerup", "pk": 64, "fields": {"player": 21, "powerup": 3, "quantity": 2}}, {"model": "api.playerpowerup", "pk": 65, "fields": {"player": 21, "powerup": 4, "quantity": 2}}, {"model": "api.playerpowerup", "pk": 66, "fields": {"player": 22, "powerup": 1, "quantity": 3}}, {"model": "api.playerpowerup", "pk": 67, "fields": {"player": 22, "powerup": 3, "quantity": 0}}, {"model": "api.playerpowerup", "pk": 68, "fields": {"player": 22, "powerup": 4, "quantity": 1}}, {"model": "api.playerpowerup", "pk": 69, "fields": {"player": 23, "powerup": 1, "quantity": 6}}, {"model": "api.playerpowerup", "pk": 70, "fields": {"player": 23, "powerup": 3, "quantity": 0}}, {"model": "api.playerpowerup", "pk": 71, "fields": {"player": 23, "powerup": 4, "quantity": 1}}, {"model": "api.playerpowerup", "pk": 72, "fields": {"player": 24, "powerup": 1, "quantity": 1}}, {"model": "api.playerpowerup", "pk": 73, "fields": {"player": 24, "powerup": 3, "quantity": 1}}, {"model": "api.playerpowerup", "pk": 74, "fields": {"player": 24, "powerup": 4, "quantity": 3}}, {"model": "api.playerpowerup", "pk": 75, "fields": {"player": 25, "powerup": 1, "quantity": 1}}, {"model": "api.playerpowerup", "pk": 76, "fields": {"player": 25, "powerup": 3, "quantity": 0}}, {"model": "api.playerpowerup", "pk": 77, "fields": {"player": 25, "powerup": 4, "quantity": 3}}, {"model": "api.playerpowerup", "pk": 78, "fields": {"player": 26, "powerup": 1, "quantity": 3}}, {"model": "api.playerpowerup", "pk": 79, "fields": {"player": 26, "powerup": 3, "quantity": 0}}, {"model": "api.playerpowerup", "pk": 80, "fields": {"player": 26, "powerup": 4, "quantity": 3}}, {"model": "api.playerpowerup", "pk": 81, "fields": {"player": 27, "powerup": 1, "quantity": 5}}, {"model": "api.playerpowerup", "pk": 82, "fields": {"player": 27, "powerup": 3, "quantity": 0}}, {"model": "api.playerpowerup", "pk": 83, "fields": {"player": 27, "powerup": 4, "quantity": 3}}, {"model": "api.playerpowerup", "pk": 84, "fields": {"player": 28, "powerup": 1, "quantity": 4}}, {"model": "api.playerpowerup", "pk": 85, "fields": {"player": 28, "powerup": 3, "quantity": 0}}, {"model": "api.playerpowerup", "pk": 86, "fields": {"player": 28, "powerup": 4, "quantity": 1}}, {"model": "api.playerpowerup", "pk": 87, "fields": {"player": 29, "powerup": 1, "quantity": 4}}, {"model": "api.playerpowerup", "pk": 88, "fields": {"player": 29, "powerup": 3, "quantity": 1}}, {"model": "api.playerpowerup", "pk": 89, "fields": {"player": 29, "powerup": 4, "quantity": 3}}, {"model": "api.playerpowerup", "pk": 90, "fields": {"player": 30, "powerup": 1, "quantity": 7}}, {"model": "api.playerpowerup", "pk": 91, "fields": {"player": 30, "powerup": 3, "quantity": 1}}, {"model": "api.playerpowerup", "pk": 92, "fields": {"player": 30, "powerup": 4, "quantity": 4}}, {"model": "api.playerpowerup", "pk": 93, "fields": {"player": 31, "powerup": 1, "quantity": 5}}, {"model": "api.playerpowerup", "pk": 94, "fields": {"player": 31, "powerup": 3, "quantity": 3}}, {"model": "api.playerpowerup", "pk": 95, "fields": {"player": 31, "powerup": 4, "quantity": 2}}, {"model": "api.playerpowerup", "pk": 96, "fields": {"player": 32, "powerup": 1, "quantity": 3}}, {"model": "api.playerpowerup", "pk": 97, "fields": {"player": 32, "powerup": 3, "quantity": 0}}, {"model": "api.playerpowerup", "pk": 98, "fields": {"player": 32, "powerup": 4, "quantity": 5}}, {"model": "api.playerpowerup", "pk": 99, "fields": {"player": 33, "powerup": 1, "quantity": 5}}, {"model": "api.playerpowerup", "pk": 100, "fields": {"player": 33, "powerup": 3, "quantity": 0}}, {"model": "api.playerpowerup", "pk": 101, "fields": {"player": 33, "powerup": 4, "quantity": 1}}, {"model": "api.player", "pk": 14, "fields": {"name": "Sint delfin", "icon_filename": "animal_icons/dolphin_128px.png", "xp": 4200, "level": 12, "created_at": "2016-10-21T07:56:09.132Z", "updated_at": "2016-10-21T08:06:17.856Z", "played_with": [15]}}, {"model": "api.player", "pk": 15, "fields": {"name": "Enig ku", "icon_filename": "animal_icons/cow_128px.png", "xp": 3800, "level": 11, "created_at": "2016-10-21T07:56:15.109Z", "updated_at": "2016-10-21T08:06:18.039Z", "played_with": [14]}}, {"model": "api.player", "pk": 16, "fields": {"name": "Omgitt panda", "icon_filename": "animal_icons/panda_128px.png", "xp": 2400, "level": 9, "created_at": "2016-10-21T07:56:16.798Z", "updated_at": "2016-10-21T08:01:33.203Z", "played_with": [17]}}, {"model": "api.player", "pk": 17, "fields": {"name": "Svak slange", "icon_filename": "animal_icons/snake_128px.png", "xp": 2000, "level": 8, "created_at": "2016-10-21T07:56:21.811Z", "updated_at": "2016-10-21T08:01:33.375Z", "played_with": [16]}}, {"model": "api.player", "pk": 18, "fields": {"name": "Villig sau", "icon_filename": "animal_icons/sheep_128px.png", "xp": 4000, "level": 12, "created_at": "2016-10-21T08:58:29.191Z", "updated_at": "2016-10-21T09:09:56.385Z", "played_with": [19]}}, {"model": "api.player", "pk": 19, "fields": {"name": "Opptatt edderkopp", "icon_filename": "animal_icons/spider_128px.png", "xp": 2800, "level": 10, "created_at": "2016-10-21T08:58:51.253Z", "updated_at": "2016-10-21T09:09:56.201Z", "played_with": [18]}}, {"model": "api.player", "pk": 20, "fields": {"name": "Umulig apekatt", "icon_filename": "animal_icons/monkey_128px.png", "xp": 4000, "level": 12, "created_at": "2016-10-21T09:30:05.409Z", "updated_at": "2016-10-21T09:41:18.067Z", "played_with": [21]}}, {"model": "api.player", "pk": 21, "fields": {"name": "Viss skilpadde", "icon_filename": "animal_icons/turtle_128px.png", "xp": 5400, "level": 14, "created_at": "2016-10-21T09:31:25.343Z", "updated_at": "2016-10-21T09:41:17.908Z", "played_with": [20]}}, {"model": "api.player", "pk": 22, "fields": {"name": "Forskjellig koala", "icon_filename": "animal_icons/coala_128px.png", "xp": 5200, "level": 13, "created_at": "2016-10-21T09:38:53.622Z", "updated_at": "2016-10-21T09:52:48.808Z", "played_with": [23]}}, {"model": "api.player", "pk": 23, "fields": {"name": "Jevngammel giraff", "icon_filename": "animal_icons/giraffe_128px.png", "xp": 4800, "level": 13, "created_at": "2016-10-21T09:39:03.622Z", "updated_at": "2016-10-21T09:52:48.636Z", "played_with": [22]}}, {"model": "api.player", "pk": 24, "fields": {"name": "Flink bie", "icon_filename": "animal_icons/bee_128px.png", "xp": 5800, "level": 14, "created_at": "2016-10-21T10:40:23.721Z", "updated_at": "2016-10-21T10:54:41.837Z", "played_with": [25]}}, {"model": "api.player", "pk": 25, "fields": {"name": "Villig leopard", "icon_filename": "animal_icons/leopard_128px.png", "xp": 5600, "level": 14, "created_at": "2016-10-21T10:40:27.695Z", "updated_at": "2016-10-21T10:54:42.050Z", "played_with": [24]}}, {"model": "api.player", "pk": 26, "fields": {"name": "Farlig kylling", "icon_filename": "animal_icons/chicken_128px.png", "xp": 3200, "level": 10, "created_at": "2016-10-21T11:41:46.106Z", "updated_at": "2016-10-21T11:53:00.258Z", "played_with": [27]}}, {"model": "api.player", "pk": 27, "fields": {"name": "Fortrolig leopard", "icon_filename": "animal_icons/leopard_128px.png", "xp": 5000, "level": 13, "created_at": "2016-10-21T11:41:59.077Z", "updated_at": "2016-10-21T11:53:00.566Z", "played_with": [26]}}, {"model": "api.player", "pk": 28, "fields": {"name": "Bitter tiger", "icon_filename": "animal_icons/tiger_128px.png", "xp": 5400, "level": 14, "created_at": "2016-10-21T11:42:05.507Z", "updated_at": "2016-10-21T11:56:04.092Z", "played_with": [29]}}, {"model": "api.player", "pk": 29, "fields": {"name": "Fortrolig bie", "icon_filename": "animal_icons/bee_128px.png", "xp": 4200, "level": 12, "created_at": "2016-10-21T11:43:02.713Z", "updated_at": "2016-10-21T11:56:04.476Z", "played_with": [28]}}, {"model": "api.player", "pk": 30, "fields": {"name": "Forelsket delfin", "icon_filename": "animal_icons/dolphin_128px.png", "xp": 4600, "level": 13, "created_at": "2016-10-21T12:40:56.135Z", "updated_at": "2016-10-21T12:48:18.602Z", "played_with": [31]}}, {"model": "api.player", "pk": 31, "fields": {"name": "Tom katt", "icon_filename": "animal_icons/cat_128px.png", "xp": 4400, "level": 12, "created_at": "2016-10-21T12:40:59.138Z", "updated_at": "2016-10-21T12:48:18.317Z", "played_with": [30]}}, {"model": "api.player", "pk": 32, "fields": {"name": "Jevngammel flaggermus", "icon_filename": "animal_icons/bat_128px.png", "xp": 4400, "level": 12, "created_at": "2016-10-21T13:29:58.712Z", "updated_at": "2016-10-21T13:39:41.008Z", "played_with": [33]}}, {"model": "api.player", "pk": 33, "fields": {"name": "Farlig tiger", "icon_filename": "animal_icons/tiger_128px.png", "xp": 4200, "level": 12, "created_at": "2016-10-21T13:30:07.702Z", "updated_at": "2016-10-21T13:39:40.805Z", "played_with": [32]}}, {"model": "api.terminal", "pk": 1, "fields": {"name": "One", "online": false}}, {"model": "api.terminal", "pk": 2, "fields": {"name": "Two", "online": false}}, {"model": "api.badge", "pk": 20, "fields": {"uid": "5500A775", "active_player": null, "updated_at": "2016-10-21T06:57:13.122Z"}}, {"model": "api.badge", "pk": 22, "fields": {"uid": "1507E452", "active_player": 32, "updated_at": "2016-10-21T13:29:58.770Z"}}, {"model": "api.badge", "pk": 23, "fields": {"uid": "45C92177", "active_player": 33, "updated_at": "2016-10-21T13:30:07.792Z"}}, {"model": "api.badge", "pk": 24, "fields": {"uid": "C21786EC", "active_player": null, "updated_at": "2016-10-21T06:56:58.834Z"}}, {"model": "api.badge", "pk": 25, "fields": {"uid": "320C5F46", "active_player": null, "updated_at": "2016-10-21T06:55:50.477Z"}}, {"model": "api.badge", "pk": 26, "fields": {"uid": "160C7812", "active_player": null, "updated_at": "2016-10-21T12:40:29.162Z"}}, {"model": "api.badge", "pk": 27, "fields": {"uid": "362FFF02", "active_player": null, "updated_at": "2016-10-21T13:03:30.187Z"}}, {"model": "api.question", "pk": 3, "fields": {"text": "Hva gj\u00f8r de spesialiserte cellene (nervecellene) i nervesystemet?", "hint": "signaler", "left_picture_url": "question_images/riktig_signal.jpg", "right_picture_url": "question_images/feil_signal.jpg", "is_left_correct": true, "terminal": 1}}, {"model": "api.question", "pk": 4, "fields": {"text": "Hvilke to hoveddeler best\u00e5r nervesystemet av?", "hint": "SNS og PNS", "left_picture_url": "question_images/feil_nervesystem_hoveddeler.jpg", "right_picture_url": "question_images/riktig_nervesystem_hoveddeler.jpg", "is_left_correct": false, "terminal": 1}}, {"model": "api.question", "pk": 5, "fields": {"text": "P\u00e5 hvilken m\u00e5te kommuniserer sentralnervesystemet med resten av kroppen (muskler, organer osv.)?", "hint": "via PNS", "left_picture_url": "question_images/riktig_via_pns.jpg", "right_picture_url": "question_images/feil_via_pns.jpg", "is_left_correct": true, "terminal": 1}}, {"model": "api.question", "pk": 6, "fields": {"text": "Et nevron er det samme som:", "hint": "Et nevron er en celle", "left_picture_url": "question_images/feil_nevron_celle.jpg", "right_picture_url": "question_images/riktig_nevron_celle.jpg", "is_left_correct": false, "terminal": 1}}, {"model": "api.question", "pk": 7, "fields": {"text": "Nervecellene har to typer nerveutl\u00f8pere fra cellekroppen. Disse kalles for aksoner og ____", "hint": "Dendr***en", "left_picture_url": "question_images/riktig_dendritt.png", "right_picture_url": "question_images/feil_dendritt.jpg", "is_left_correct": true, "terminal": 1}}, {"model": "api.question", "pk": 8, "fields": {"text": "Hvilken av disse to er en synapse?", "hint": "Synapser er kontaktpunkter mellom nevroner, de r\u00f8rer ikke hverandre og er adskilt med 20 nanometer!", "left_picture_url": "question_images/feil_synapse.jpg", "right_picture_url": "question_images/riktig_synapse.jpg", "is_left_correct": false, "terminal": 1}}, {"model": "api.question", "pk": 9, "fields": {"text": "Hvilken del av hjernen er ansvarlig for synsprossessering?", "hint": "Kanskje noe gr\u00f8nt?", "left_picture_url": "question_images/feil_bakhodelapp.PNG", "right_picture_url": "question_images/riktig_bakhodelapp.PNG", "is_left_correct": false, "terminal": 1}}, {"model": "api.question", "pk": 10, "fields": {"text": "Tinninglappen er ansvarlig for ____", "hint": "Husker du litt bedre?", "left_picture_url": "question_images/riktig_tinninglappen.jpg", "right_picture_url": "question_images/feil_tinninglappen.jpg", "is_left_correct": true, "terminal": 1}}, {"model": "api.question", "pk": 11, "fields": {"text": "Hvilket bilde viser riktig plassering av isselapp og bakhodelapp?", "hint": "Ligger litt i navnet, bakhodelapp ligger...", "left_picture_url": "question_images/feil_isselappen.png", "right_picture_url": "question_images/riktig_isselappen.PNG", "is_left_correct": false, "terminal": 1}}, {"model": "api.question", "pk": 12, "fields": {"text": "Hva heter disse kjertlene?", "hint": "Hypo___", "left_picture_url": "question_images/riktig_hypofyse_hypothalamus.jpg", "right_picture_url": "question_images/feil_hypofyse_hypothalamus_bilde.jpg", "is_left_correct": true, "terminal": 1}}, {"model": "api.question", "pk": 16, "fields": {"text": "Hva er det endokrine systemet?", "hint": "Visste du at adrenalin er et hormon?", "left_picture_url": "question_images/feil_endokrin.jpg", "right_picture_url": "question_images/riktig_endokrin.jpg", "is_left_correct": false, "terminal": 1}}, {"model": "api.question", "pk": 17, "fields": {"text": "Hva heter kjertelen som produserer thyroxin hormonet?", "hint": "Befinner seg n\u00e6rmest halsen", "left_picture_url": "question_images/feil_thyroxin.jpg", "right_picture_url": "question_images/riktig_thyroxin.jpg", "is_left_correct": false, "terminal": 1}}, {"model": "api.question", "pk": 18, "fields": {"text": "Kontaktpunktet mellom to nevroner kalles en synapse. Disse r\u00f8rer ikke hverandre, hva er avstanden mellom de?", "hint": "Seri\u00f8st!? Bruke hint her? :/", "left_picture_url": "question_images/feil_synapseavstand.jpg", "right_picture_url": "question_images/riktig_synapseavstand.jpg", "is_left_correct": false, "terminal": 1}}, {"model": "api.question", "pk": 20, "fields": {"text": "N\u00e5r vi snakker om hjerneceller, mener vi ofte nevroner, hvor stor andel av hjernen utgj\u00f8r disse nevronene?", "hint": "Tenk p\u00e5 en veldig popul\u00e6r myte om hvor mange prosent av hjernen mennesker bruker!", "left_picture_url": "question_images/riktig_10prosentnevron.jpg", "right_picture_url": "question_images/feil_10prosentnevron.png", "is_left_correct": true, "terminal": 1}}, {"model": "api.question", "pk": 21, "fields": {"text": "Hvilket bilde viser riktig plassering av isselapp?", "hint": "Kan du \"f\u00f8le\" at jeg \"snakker\"?", "left_picture_url": "question_images/feil_isselappen.png", "right_picture_url": "question_images/riktig_isselappen.PNG", "is_left_correct": false, "terminal": 1}}, {"model": "api.question", "pk": 22, "fields": {"text": "Hva heter cellene som utgj\u00f8r hovedparten av cellene i hjernen?", "hint": "Det er p\u00e5 gli", "left_picture_url": "question_images/feil_gliaceller.jpg", "right_picture_url": "question_images/riktig_gliaceller.PNG", "is_left_correct": false, "terminal": 1}}, {"model": "api.question", "pk": 23, "fields": {"text": "Hva heter det kjemiske signalstoffet nerveimpulsene blir omdannet til?", "hint": "nevro + engelsk ord for \u00e5 sende noe", "left_picture_url": "question_images/feil_nevrotransmitter.jpg", "right_picture_url": "question_images/riktig_nevrotransmitter.jpg", "is_left_correct": false, "terminal": 2}}, {"model": "api.question", "pk": 25, "fields": {"text": "Ordet hormon kommer fra det greske ordet for \u00e5 ___", "hint": "Oh yeah I'm so hormony", "left_picture_url": "question_images/riktig_hormonetymology.jpg", "right_picture_url": "question_images/feil_hormonetymology.jpg", "is_left_correct": true, "terminal": 1}}, {"model": "api.question", "pk": 26, "fields": {"text": "Hvilke funksjoner er det pannelappen har?", "hint": "N\u00e5 m\u00e5 du tenke med hodet og sl\u00e5 deg selv i panna", "left_picture_url": "question_images/feil_pannelappen.jpg", "right_picture_url": "question_images/riktig_pannelappen.jpg", "is_left_correct": false, "terminal": 2}}, {"model": "api.question", "pk": 27, "fields": {"text": "Hvilke funksjoner har isselappen i hjernen?", "hint": "Touch me", "left_picture_url": "question_images/riktig_isselapp.jpg", "right_picture_url": "question_images/feil_isselapp.jpg", "is_left_correct": true, "terminal": 2}}, {"model": "api.question", "pk": 28, "fields": {"text": "Hvilket bilde viser riktig plassering av pannelapp og tinninglapp?", "hint": "Sideways", "left_picture_url": "question_images/feil_plasserpannelapptinninglapp.jpg", "right_picture_url": "question_images/riktig_plasserpannelapptinninglapp.jpg", "is_left_correct": false, "terminal": 2}}, {"model": "api.question", "pk": 29, "fields": {"text": "Ordet hormon kommer fra det greske ordet for \u00e5 ___", "hint": "Hormony", "left_picture_url": "question_images/riktig_hormongresk.jpg", "right_picture_url": "question_images/feil_hormongresk.jpg", "is_left_correct": true, "terminal": 2}}, {"model": "api.question", "pk": 30, "fields": {"text": "Hva heter hormonet eggstokkene produserer?", "hint": "Esther", "left_picture_url": "question_images/feil_estragon.jpg", "right_picture_url": "question_images/riktig_estragon.jpg", "is_left_correct": false, "terminal": 2}}, {"model": "api.question", "pk": 31, "fields": {"text": "Which part of the brain is most closely associated with dyslexia?", "hint": "Lefty", "left_picture_url": "question_images/feil_dyslexia_lefthemisphere.jpg", "right_picture_url": "question_images/riktig_dyslexia_lefthemisphere.jpg", "is_left_correct": false, "terminal": 2}}, {"model": "api.question", "pk": 32, "fields": {"text": "What is the term dyslexia best translated into?", "hint": "Its so hard", "left_picture_url": "question_images/riktig_dyslexia_etymology.jpg", "right_picture_url": "question_images/feil_dyslexia_etymology.jpg", "is_left_correct": true, "terminal": 2}}, {"model": "api.question", "pk": 33, "fields": {"text": "What is WHO\u2019s estimate for how many people are affected by ADHD worldwide (as of 2013)?", "hint": "100-30-30-10+9", "left_picture_url": "question_images/riktig_ADHD_people_affected.jpg", "right_picture_url": "question_images/feil_ADHD_people_affected.jpg", "is_left_correct": true, "terminal": 2}}, {"model": "api.question", "pk": 34, "fields": {"text": "How long is treatment with stimulants effective for people with ADHD?", "hint": "Almost two baby termins", "left_picture_url": "question_images/feil_ADHD_treatment.jpg", "right_picture_url": "question_images/riktig_ADHD_treatment.jpg", "is_left_correct": false, "terminal": 2}}, {"model": "api.question", "pk": 35, "fields": {"text": "Which image shows the amygdala?", "hint": "Amygdala size of a nut", "left_picture_url": "question_images/riktig_amygdala_size.jpg", "right_picture_url": "question_images/hypothalamus.jpg", "is_left_correct": true, "terminal": 2}}, {"model": "api.question", "pk": 36, "fields": {"text": "Which image is pointing at the cerebellum?", "hint": "Wrinkly", "left_picture_url": "question_images/riktig_hypofyse_cerebellum_point.jpg", "right_picture_url": "question_images/feil_cerebellum_point.jpg", "is_left_correct": true, "terminal": 2}}, {"model": "api.playerquestion", "pk": 45, "fields": {"question": 3, "player": 14, "is_correct": true, "elapsed_time": 16.0}}, {"model": "api.playerquestion", "pk": 46, "fields": {"question": 3, "player": 15, "is_correct": true, "elapsed_time": 16.0}}, {"model": "api.playerquestion", "pk": 47, "fields": {"question": 3, "player": 16, "is_correct": true, "elapsed_time": 13.0}}, {"model": "api.playerquestion", "pk": 48, "fields": {"question": 3, "player": 17, "is_correct": true, "elapsed_time": 18.0}}, {"model": "api.playerquestion", "pk": 49, "fields": {"question": 4, "player": 16, "is_correct": true, "elapsed_time": 5.0}}, {"model": "api.playerquestion", "pk": 50, "fields": {"question": 4, "player": 17, "is_correct": true, "elapsed_time": 5.0}}, {"model": "api.playerquestion", "pk": 51, "fields": {"question": 4, "player": 14, "is_correct": true, "elapsed_time": 14.0}}, {"model": "api.playerquestion", "pk": 52, "fields": {"question": 4, "player": 15, "is_correct": true, "elapsed_time": 14.0}}, {"model": "api.playerquestion", "pk": 53, "fields": {"question": 5, "player": 16, "is_correct": false, "elapsed_time": 6.0}}, {"model": "api.playerquestion", "pk": 54, "fields": {"question": 5, "player": 17, "is_correct": false, "elapsed_time": 10.0}}, {"model": "api.playerquestion", "pk": 55, "fields": {"question": 5, "player": 14, "is_correct": false, "elapsed_time": 11.0}}, {"model": "api.playerquestion", "pk": 56, "fields": {"question": 5, "player": 15, "is_correct": false, "elapsed_time": 11.0}}, {"model": "api.playerquestion", "pk": 57, "fields": {"question": 6, "player": 14, "is_correct": false, "elapsed_time": 14.0}}, {"model": "api.playerquestion", "pk": 58, "fields": {"question": 6, "player": 15, "is_correct": false, "elapsed_time": 14.0}}, {"model": "api.playerquestion", "pk": 59, "fields": {"question": 6, "player": 16, "is_correct": false, "elapsed_time": 6.0}}, {"model": "api.playerquestion", "pk": 60, "fields": {"question": 6, "player": 17, "is_correct": false, "elapsed_time": 14.0}}, {"model": "api.playerquestion", "pk": 61, "fields": {"question": 7, "player": 14, "is_correct": true, "elapsed_time": 7.0}}, {"model": "api.playerquestion", "pk": 62, "fields": {"question": 7, "player": 15, "is_correct": true, "elapsed_time": 7.0}}, {"model": "api.playerquestion", "pk": 63, "fields": {"question": 8, "player": 14, "is_correct": true, "elapsed_time": 4.0}}, {"model": "api.playerquestion", "pk": 64, "fields": {"question": 8, "player": 15, "is_correct": true, "elapsed_time": 4.0}}, {"model": "api.playerquestion", "pk": 65, "fields": {"question": 7, "player": 16, "is_correct": true, "elapsed_time": 7.0}}, {"model": "api.playerquestion", "pk": 66, "fields": {"question": 7, "player": 17, "is_correct": true, "elapsed_time": 7.0}}, {"model": "api.playerquestion", "pk": 67, "fields": {"question": 8, "player": 16, "is_correct": true, "elapsed_time": 8.0}}, {"model": "api.playerquestion", "pk": 68, "fields": {"question": 8, "player": 17, "is_correct": true, "elapsed_time": 8.0}}, {"model": "api.playerquestion", "pk": 69, "fields": {"question": 9, "player": 14, "is_correct": false, "elapsed_time": 15.0}}, {"model": "api.playerquestion", "pk": 70, "fields": {"question": 9, "player": 15, "is_correct": false, "elapsed_time": 15.0}}, {"model": "api.playerquestion", "pk": 71, "fields": {"question": 9, "player": 16, "is_correct": false, "elapsed_time": 17.0}}, {"model": "api.playerquestion", "pk": 72, "fields": {"question": 9, "player": 17, "is_correct": true, "elapsed_time": 12.0}}, {"model": "api.playerquestion", "pk": 73, "fields": {"question": 10, "player": 14, "is_correct": true, "elapsed_time": 13.0}}, {"model": "api.playerquestion", "pk": 74, "fields": {"question": 10, "player": 15, "is_correct": true, "elapsed_time": 13.0}}, {"model": "api.playerquestion", "pk": 75, "fields": {"question": 10, "player": 16, "is_correct": true, "elapsed_time": 7.0}}, {"model": "api.playerquestion", "pk": 76, "fields": {"question": 10, "player": 17, "is_correct": false, "elapsed_time": 7.0}}, {"model": "api.playerquestion", "pk": 77, "fields": {"question": 11, "player": 14, "is_correct": true, "elapsed_time": 5.0}}, {"model": "api.playerquestion", "pk": 78, "fields": {"question": 11, "player": 15, "is_correct": true, "elapsed_time": 5.0}}, {"model": "api.playerquestion", "pk": 79, "fields": {"question": 11, "player": 16, "is_correct": true, "elapsed_time": 8.0}}, {"model": "api.playerquestion", "pk": 80, "fields": {"question": 11, "player": 17, "is_correct": false, "elapsed_time": 10.0}}, {"model": "api.playerquestion", "pk": 81, "fields": {"question": 12, "player": 14, "is_correct": true, "elapsed_time": 8.0}}, {"model": "api.playerquestion", "pk": 82, "fields": {"question": 12, "player": 15, "is_correct": true, "elapsed_time": 8.0}}, {"model": "api.playerquestion", "pk": 83, "fields": {"question": 12, "player": 16, "is_correct": true, "elapsed_time": 7.0}}, {"model": "api.playerquestion", "pk": 84, "fields": {"question": 12, "player": 17, "is_correct": false, "elapsed_time": 12.0}}, {"model": "api.playerquestion", "pk": 85, "fields": {"question": 16, "player": 14, "is_correct": true, "elapsed_time": 12.0}}, {"model": "api.playerquestion", "pk": 86, "fields": {"question": 16, "player": 15, "is_correct": true, "elapsed_time": 12.0}}, {"model": "api.playerquestion", "pk": 87, "fields": {"question": 16, "player": 16, "is_correct": true, "elapsed_time": 6.0}}, {"model": "api.playerquestion", "pk": 88, "fields": {"question": 16, "player": 17, "is_correct": true, "elapsed_time": 6.0}}, {"model": "api.playerquestion", "pk": 89, "fields": {"question": 17, "player": 14, "is_correct": true, "elapsed_time": 6.0}}, {"model": "api.playerquestion", "pk": 90, "fields": {"question": 17, "player": 15, "is_correct": true, "elapsed_time": 6.0}}, {"model": "api.playerquestion", "pk": 91, "fields": {"question": 17, "player": 16, "is_correct": true, "elapsed_time": 5.0}}, {"model": "api.playerquestion", "pk": 92, "fields": {"question": 17, "player": 17, "is_correct": true, "elapsed_time": 5.0}}, {"model": "api.playerquestion", "pk": 93, "fields": {"question": 18, "player": 14, "is_correct": true, "elapsed_time": 5.0}}, {"model": "api.playerquestion", "pk": 94, "fields": {"question": 18, "player": 15, "is_correct": true, "elapsed_time": 5.0}}, {"model": "api.playerquestion", "pk": 95, "fields": {"question": 18, "player": 16, "is_correct": true, "elapsed_time": 5.0}}, {"model": "api.playerquestion", "pk": 96, "fields": {"question": 18, "player": 17, "is_correct": true, "elapsed_time": 5.0}}, {"model": "api.playerquestion", "pk": 97, "fields": {"question": 20, "player": 16, "is_correct": true, "elapsed_time": 5.0}}, {"model": "api.playerquestion", "pk": 98, "fields": {"question": 20, "player": 14, "is_correct": true, "elapsed_time": 7.0}}, {"model": "api.playerquestion", "pk": 99, "fields": {"question": 20, "player": 17, "is_correct": true, "elapsed_time": 5.0}}, {"model": "api.playerquestion", "pk": 100, "fields": {"question": 20, "player": 15, "is_correct": true, "elapsed_time": 7.0}}, {"model": "api.playerquestion", "pk": 101, "fields": {"question": 21, "player": 16, "is_correct": false, "elapsed_time": 7.0}}, {"model": "api.playerquestion", "pk": 102, "fields": {"question": 21, "player": 17, "is_correct": true, "elapsed_time": 7.0}}, {"model": "api.playerquestion", "pk": 103, "fields": {"question": 21, "player": 14, "is_correct": true, "elapsed_time": 7.0}}, {"model": "api.playerquestion", "pk": 104, "fields": {"question": 21, "player": 15, "is_correct": true, "elapsed_time": 7.0}}, {"model": "api.playerquestion", "pk": 105, "fields": {"question": 23, "player": 14, "is_correct": true, "elapsed_time": 12.0}}, {"model": "api.playerquestion", "pk": 106, "fields": {"question": 23, "player": 15, "is_correct": true, "elapsed_time": 12.0}}, {"model": "api.playerquestion", "pk": 109, "fields": {"question": 25, "player": 14, "is_correct": true, "elapsed_time": 3.0}}, {"model": "api.playerquestion", "pk": 110, "fields": {"question": 25, "player": 15, "is_correct": true, "elapsed_time": 13.0}}, {"model": "api.playerquestion", "pk": 111, "fields": {"question": 26, "player": 14, "is_correct": true, "elapsed_time": 12.0}}, {"model": "api.playerquestion", "pk": 112, "fields": {"question": 26, "player": 15, "is_correct": true, "elapsed_time": 12.0}}, {"model": "api.playerquestion", "pk": 113, "fields": {"question": 27, "player": 14, "is_correct": true, "elapsed_time": 8.0}}, {"model": "api.playerquestion", "pk": 114, "fields": {"question": 27, "player": 15, "is_correct": true, "elapsed_time": 20.0}}, {"model": "api.playerquestion", "pk": 115, "fields": {"question": 28, "player": 14, "is_correct": true, "elapsed_time": 3.0}}, {"model": "api.playerquestion", "pk": 116, "fields": {"question": 28, "player": 15, "is_correct": true, "elapsed_time": 3.0}}, {"model": "api.playerquestion", "pk": 117, "fields": {"question": 29, "player": 14, "is_correct": true, "elapsed_time": 5.0}}, {"model": "api.playerquestion", "pk": 118, "fields": {"question": 29, "player": 15, "is_correct": true, "elapsed_time": 6.0}}, {"model": "api.playerquestion", "pk": 119, "fields": {"question": 30, "player": 14, "is_correct": true, "elapsed_time": 14.0}}, {"model": "api.playerquestion", "pk": 120, "fields": {"question": 30, "player": 15, "is_correct": true, "elapsed_time": 13.0}}, {"model": "api.playerquestion", "pk": 121, "fields": {"question": 31, "player": 14, "is_correct": false, "elapsed_time": 9.0}}, {"model": "api.playerquestion", "pk": 122, "fields": {"question": 31, "player": 15, "is_correct": false, "elapsed_time": 11.0}}, {"model": "api.playerquestion", "pk": 123, "fields": {"question": 32, "player": 14, "is_correct": true, "elapsed_time": 4.0}}, {"model": "api.playerquestion", "pk": 124, "fields": {"question": 32, "player": 15, "is_correct": false, "elapsed_time": 5.0}}, {"model": "api.playerquestion", "pk": 125, "fields": {"question": 33, "player": 14, "is_correct": false, "elapsed_time": 8.0}}, {"model": "api.playerquestion", "pk": 126, "fields": {"question": 33, "player": 15, "is_correct": false, "elapsed_time": 8.0}}, {"model": "api.playerquestion", "pk": 127, "fields": {"question": 34, "player": 14, "is_correct": false, "elapsed_time": 3.0}}, {"model": "api.playerquestion", "pk": 128, "fields": {"question": 34, "player": 15, "is_correct": false, "elapsed_time": 5.0}}, {"model": "api.playerquestion", "pk": 129, "fields": {"question": 35, "player": 14, "is_correct": false, "elapsed_time": 4.0}}, {"model": "api.playerquestion", "pk": 130, "fields": {"question": 35, "player": 15, "is_correct": false, "elapsed_time": 5.0}}, {"model": "api.playerquestion", "pk": 131, "fields": {"question": 3, "player": 18, "is_correct": true, "elapsed_time": 12.0}}, {"model": "api.playerquestion", "pk": 132, "fields": {"question": 3, "player": 19, "is_correct": false, "elapsed_time": 14.0}}, {"model": "api.playerquestion", "pk": 133, "fields": {"question": 4, "player": 18, "is_correct": true, "elapsed_time": 6.0}}, {"model": "api.playerquestion", "pk": 134, "fields": {"question": 4, "player": 19, "is_correct": false, "elapsed_time": 4.0}}, {"model": "api.playerquestion", "pk": 135, "fields": {"question": 5, "player": 18, "is_correct": true, "elapsed_time": 5.0}}, {"model": "api.playerquestion", "pk": 136, "fields": {"question": 5, "player": 19, "is_correct": false, "elapsed_time": 5.0}}, {"model": "api.playerquestion", "pk": 137, "fields": {"question": 6, "player": 18, "is_correct": true, "elapsed_time": 4.0}}, {"model": "api.playerquestion", "pk": 138, "fields": {"question": 6, "player": 19, "is_correct": true, "elapsed_time": 4.0}}, {"model": "api.playerquestion", "pk": 139, "fields": {"question": 7, "player": 18, "is_correct": true, "elapsed_time": 5.0}}, {"model": "api.playerquestion", "pk": 140, "fields": {"question": 7, "player": 19, "is_correct": true, "elapsed_time": 4.0}}, {"model": "api.playerquestion", "pk": 141, "fields": {"question": 8, "player": 18, "is_correct": true, "elapsed_time": 3.0}}, {"model": "api.playerquestion", "pk": 142, "fields": {"question": 8, "player": 19, "is_correct": true, "elapsed_time": 3.0}}, {"model": "api.playerquestion", "pk": 143, "fields": {"question": 9, "player": 18, "is_correct": false, "elapsed_time": 17.0}}, {"model": "api.playerquestion", "pk": 144, "fields": {"question": 9, "player": 19, "is_correct": true, "elapsed_time": 21.0}}, {"model": "api.playerquestion", "pk": 145, "fields": {"question": 10, "player": 18, "is_correct": false, "elapsed_time": 5.0}}, {"model": "api.playerquestion", "pk": 146, "fields": {"question": 10, "player": 19, "is_correct": false, "elapsed_time": 8.0}}, {"model": "api.playerquestion", "pk": 147, "fields": {"question": 11, "player": 18, "is_correct": true, "elapsed_time": 6.0}}, {"model": "api.playerquestion", "pk": 148, "fields": {"question": 11, "player": 19, "is_correct": true, "elapsed_time": 17.0}}, {"model": "api.playerquestion", "pk": 149, "fields": {"question": 12, "player": 18, "is_correct": true, "elapsed_time": 9.0}}, {"model": "api.playerquestion", "pk": 150, "fields": {"question": 12, "player": 19, "is_correct": true, "elapsed_time": 6.0}}, {"model": "api.playerquestion", "pk": 151, "fields": {"question": 16, "player": 18, "is_correct": true, "elapsed_time": 10.0}}, {"model": "api.playerquestion", "pk": 152, "fields": {"question": 16, "player": 19, "is_correct": false, "elapsed_time": 8.0}}, {"model": "api.playerquestion", "pk": 153, "fields": {"question": 17, "player": 18, "is_correct": true, "elapsed_time": 4.0}}, {"model": "api.playerquestion", "pk": 154, "fields": {"question": 17, "player": 19, "is_correct": false, "elapsed_time": 3.0}}, {"model": "api.playerquestion", "pk": 155, "fields": {"question": 18, "player": 18, "is_correct": true, "elapsed_time": 4.0}}, {"model": "api.playerquestion", "pk": 156, "fields": {"question": 18, "player": 19, "is_correct": true, "elapsed_time": 4.0}}, {"model": "api.playerquestion", "pk": 157, "fields": {"question": 20, "player": 18, "is_correct": true, "elapsed_time": 6.0}}, {"model": "api.playerquestion", "pk": 158, "fields": {"question": 20, "player": 19, "is_correct": true, "elapsed_time": 6.0}}, {"model": "api.playerquestion", "pk": 159, "fields": {"question": 21, "player": 18, "is_correct": true, "elapsed_time": 4.0}}, {"model": "api.playerquestion", "pk": 160, "fields": {"question": 21, "player": 19, "is_correct": false, "elapsed_time": 8.0}}, {"model": "api.playerquestion", "pk": 161, "fields": {"question": 23, "player": 19, "is_correct": true, "elapsed_time": 5.0}}, {"model": "api.playerquestion", "pk": 162, "fields": {"question": 23, "player": 18, "is_correct": true, "elapsed_time": 5.0}}, {"model": "api.playerquestion", "pk": 163, "fields": {"question": 26, "player": 19, "is_correct": true, "elapsed_time": 11.0}}, {"model": "api.playerquestion", "pk": 164, "fields": {"question": 26, "player": 18, "is_correct": true, "elapsed_time": 11.0}}, {"model": "api.playerquestion", "pk": 165, "fields": {"question": 27, "player": 19, "is_correct": false, "elapsed_time": 12.0}}, {"model": "api.playerquestion", "pk": 166, "fields": {"question": 27, "player": 18, "is_correct": false, "elapsed_time": 12.0}}, {"model": "api.playerquestion", "pk": 167, "fields": {"question": 28, "player": 19, "is_correct": false, "elapsed_time": 12.0}}, {"model": "api.playerquestion", "pk": 168, "fields": {"question": 28, "player": 18, "is_correct": false, "elapsed_time": 12.0}}, {"model": "api.playerquestion", "pk": 169, "fields": {"question": 29, "player": 19, "is_correct": true, "elapsed_time": 4.0}}, {"model": "api.playerquestion", "pk": 170, "fields": {"question": 29, "player": 18, "is_correct": true, "elapsed_time": 4.0}}, {"model": "api.playerquestion", "pk": 171, "fields": {"question": 30, "player": 19, "is_correct": true, "elapsed_time": 7.0}}, {"model": "api.playerquestion", "pk": 172, "fields": {"question": 30, "player": 18, "is_correct": true, "elapsed_time": 7.0}}, {"model": "api.playerquestion", "pk": 173, "fields": {"question": 31, "player": 19, "is_correct": true, "elapsed_time": 7.0}}, {"model": "api.playerquestion", "pk": 174, "fields": {"question": 31, "player": 18, "is_correct": true, "elapsed_time": 7.0}}, {"model": "api.playerquestion", "pk": 175, "fields": {"question": 32, "player": 19, "is_correct": false, "elapsed_time": 13.0}}, {"model": "api.playerquestion", "pk": 176, "fields": {"question": 32, "player": 18, "is_correct": false, "elapsed_time": 13.0}}, {"model": "api.playerquestion", "pk": 177, "fields": {"question": 33, "player": 19, "is_correct": false, "elapsed_time": 14.0}}, {"model": "api.playerquestion", "pk": 178, "fields": {"question": 33, "player": 18, "is_correct": false, "elapsed_time": 14.0}}, {"model": "api.playerquestion", "pk": 179, "fields": {"question": 34, "player": 19, "is_correct": false, "elapsed_time": 17.0}}, {"model": "api.playerquestion", "pk": 180, "fields": {"question": 34, "player": 18, "is_correct": false, "elapsed_time": 17.0}}, {"model": "api.playerquestion", "pk": 181, "fields": {"question": 35, "player": 19, "is_correct": true, "elapsed_time": 7.0}}, {"model": "api.playerquestion", "pk": 182, "fields": {"question": 35, "player": 18, "is_correct": true, "elapsed_time": 7.0}}, {"model": "api.playerquestion", "pk": 183, "fields": {"question": 3, "player": 21, "is_correct": true, "elapsed_time": 12.0}}, {"model": "api.playerquestion", "pk": 184, "fields": {"question": 3, "player": 20, "is_correct": true, "elapsed_time": 12.0}}, {"model": "api.playerquestion", "pk": 185, "fields": {"question": 4, "player": 21, "is_correct": true, "elapsed_time": 9.0}}, {"model": "api.playerquestion", "pk": 186, "fields": {"question": 4, "player": 20, "is_correct": true, "elapsed_time": 9.0}}, {"model": "api.playerquestion", "pk": 187, "fields": {"question": 5, "player": 21, "is_correct": true, "elapsed_time": 7.0}}, {"model": "api.playerquestion", "pk": 188, "fields": {"question": 5, "player": 20, "is_correct": true, "elapsed_time": 7.0}}, {"model": "api.playerquestion", "pk": 189, "fields": {"question": 6, "player": 21, "is_correct": true, "elapsed_time": 7.0}}, {"model": "api.playerquestion", "pk": 190, "fields": {"question": 6, "player": 20, "is_correct": true, "elapsed_time": 7.0}}, {"model": "api.playerquestion", "pk": 191, "fields": {"question": 7, "player": 21, "is_correct": true, "elapsed_time": 10.0}}, {"model": "api.playerquestion", "pk": 192, "fields": {"question": 7, "player": 20, "is_correct": true, "elapsed_time": 10.0}}, {"model": "api.playerquestion", "pk": 193, "fields": {"question": 8, "player": 21, "is_correct": true, "elapsed_time": 3.0}}, {"model": "api.playerquestion", "pk": 194, "fields": {"question": 8, "player": 20, "is_correct": true, "elapsed_time": 3.0}}, {"model": "api.playerquestion", "pk": 195, "fields": {"question": 9, "player": 21, "is_correct": true, "elapsed_time": 6.0}}, {"model": "api.playerquestion", "pk": 196, "fields": {"question": 9, "player": 20, "is_correct": true, "elapsed_time": 6.0}}, {"model": "api.playerquestion", "pk": 197, "fields": {"question": 10, "player": 21, "is_correct": true, "elapsed_time": 23.0}}, {"model": "api.playerquestion", "pk": 198, "fields": {"question": 10, "player": 20, "is_correct": true, "elapsed_time": 23.0}}, {"model": "api.playerquestion", "pk": 199, "fields": {"question": 11, "player": 21, "is_correct": true, "elapsed_time": 9.0}}, {"model": "api.playerquestion", "pk": 200, "fields": {"question": 11, "player": 20, "is_correct": true, "elapsed_time": 9.0}}, {"model": "api.playerquestion", "pk": 201, "fields": {"question": 12, "player": 21, "is_correct": true, "elapsed_time": 7.0}}, {"model": "api.playerquestion", "pk": 202, "fields": {"question": 12, "player": 20, "is_correct": true, "elapsed_time": 7.0}}, {"model": "api.playerquestion", "pk": 203, "fields": {"question": 16, "player": 21, "is_correct": true, "elapsed_time": 7.0}}, {"model": "api.playerquestion", "pk": 204, "fields": {"question": 16, "player": 20, "is_correct": true, "elapsed_time": 7.0}}, {"model": "api.playerquestion", "pk": 205, "fields": {"question": 17, "player": 21, "is_correct": true, "elapsed_time": 15.0}}, {"model": "api.playerquestion", "pk": 206, "fields": {"question": 17, "player": 20, "is_correct": true, "elapsed_time": 15.0}}, {"model": "api.playerquestion", "pk": 207, "fields": {"question": 18, "player": 21, "is_correct": true, "elapsed_time": 10.0}}, {"model": "api.playerquestion", "pk": 208, "fields": {"question": 18, "player": 20, "is_correct": true, "elapsed_time": 10.0}}, {"model": "api.playerquestion", "pk": 209, "fields": {"question": 20, "player": 21, "is_correct": true, "elapsed_time": 9.0}}, {"model": "api.playerquestion", "pk": 210, "fields": {"question": 20, "player": 20, "is_correct": true, "elapsed_time": 9.0}}, {"model": "api.playerquestion", "pk": 211, "fields": {"question": 21, "player": 21, "is_correct": true, "elapsed_time": 11.0}}, {"model": "api.playerquestion", "pk": 212, "fields": {"question": 21, "player": 20, "is_correct": true, "elapsed_time": 11.0}}, {"model": "api.playerquestion", "pk": 213, "fields": {"question": 22, "player": 21, "is_correct": true, "elapsed_time": 12.0}}, {"model": "api.playerquestion", "pk": 214, "fields": {"question": 22, "player": 20, "is_correct": true, "elapsed_time": 12.0}}, {"model": "api.playerquestion", "pk": 215, "fields": {"question": 23, "player": 21, "is_correct": false, "elapsed_time": 9.0}}, {"model": "api.playerquestion", "pk": 216, "fields": {"question": 23, "player": 20, "is_correct": false, "elapsed_time": 9.0}}, {"model": "api.playerquestion", "pk": 217, "fields": {"question": 26, "player": 21, "is_correct": false, "elapsed_time": 15.0}}, {"model": "api.playerquestion", "pk": 218, "fields": {"question": 26, "player": 20, "is_correct": false, "elapsed_time": 15.0}}, {"model": "api.playerquestion", "pk": 219, "fields": {"question": 27, "player": 21, "is_correct": true, "elapsed_time": 5.0}}, {"model": "api.playerquestion", "pk": 220, "fields": {"question": 27, "player": 20, "is_correct": false, "elapsed_time": 7.0}}, {"model": "api.playerquestion", "pk": 221, "fields": {"question": 28, "player": 21, "is_correct": true, "elapsed_time": 6.0}}, {"model": "api.playerquestion", "pk": 222, "fields": {"question": 28, "player": 20, "is_correct": true, "elapsed_time": 8.0}}, {"model": "api.playerquestion", "pk": 223, "fields": {"question": 29, "player": 21, "is_correct": true, "elapsed_time": 4.0}}, {"model": "api.playerquestion", "pk": 224, "fields": {"question": 29, "player": 20, "is_correct": true, "elapsed_time": 14.0}}, {"model": "api.playerquestion", "pk": 225, "fields": {"question": 30, "player": 21, "is_correct": true, "elapsed_time": 6.0}}, {"model": "api.playerquestion", "pk": 226, "fields": {"question": 30, "player": 20, "is_correct": true, "elapsed_time": 6.0}}, {"model": "api.playerquestion", "pk": 227, "fields": {"question": 31, "player": 21, "is_correct": true, "elapsed_time": 4.0}}, {"model": "api.playerquestion", "pk": 228, "fields": {"question": 31, "player": 20, "is_correct": true, "elapsed_time": 9.0}}, {"model": "api.playerquestion", "pk": 229, "fields": {"question": 3, "player": 22, "is_correct": true, "elapsed_time": 16.0}}, {"model": "api.playerquestion", "pk": 230, "fields": {"question": 3, "player": 23, "is_correct": true, "elapsed_time": 16.0}}, {"model": "api.playerquestion", "pk": 231, "fields": {"question": 32, "player": 21, "is_correct": false, "elapsed_time": 22.0}}, {"model": "api.playerquestion", "pk": 232, "fields": {"question": 32, "player": 20, "is_correct": false, "elapsed_time": 22.0}}, {"model": "api.playerquestion", "pk": 233, "fields": {"question": 4, "player": 22, "is_correct": true, "elapsed_time": 7.0}}, {"model": "api.playerquestion", "pk": 234, "fields": {"question": 4, "player": 23, "is_correct": true, "elapsed_time": 7.0}}, {"model": "api.playerquestion", "pk": 235, "fields": {"question": 33, "player": 21, "is_correct": true, "elapsed_time": 4.0}}, {"model": "api.playerquestion", "pk": 236, "fields": {"question": 33, "player": 20, "is_correct": false, "elapsed_time": 8.0}}, {"model": "api.playerquestion", "pk": 237, "fields": {"question": 5, "player": 22, "is_correct": true, "elapsed_time": 4.0}}, {"model": "api.playerquestion", "pk": 238, "fields": {"question": 5, "player": 23, "is_correct": true, "elapsed_time": 4.0}}, {"model": "api.playerquestion", "pk": 239, "fields": {"question": 34, "player": 21, "is_correct": true, "elapsed_time": 5.0}}, {"model": "api.playerquestion", "pk": 240, "fields": {"question": 34, "player": 20, "is_correct": false, "elapsed_time": 6.0}}, {"model": "api.playerquestion", "pk": 241, "fields": {"question": 35, "player": 21, "is_correct": false, "elapsed_time": 3.0}}, {"model": "api.playerquestion", "pk": 242, "fields": {"question": 35, "player": 20, "is_correct": true, "elapsed_time": 4.0}}, {"model": "api.playerquestion", "pk": 243, "fields": {"question": 6, "player": 22, "is_correct": false, "elapsed_time": 9.0}}, {"model": "api.playerquestion", "pk": 244, "fields": {"question": 6, "player": 23, "is_correct": false, "elapsed_time": 9.0}}, {"model": "api.playerquestion", "pk": 245, "fields": {"question": 7, "player": 22, "is_correct": true, "elapsed_time": 9.0}}, {"model": "api.playerquestion", "pk": 246, "fields": {"question": 7, "player": 23, "is_correct": true, "elapsed_time": 9.0}}, {"model": "api.playerquestion", "pk": 247, "fields": {"question": 8, "player": 22, "is_correct": true, "elapsed_time": 4.0}}, {"model": "api.playerquestion", "pk": 248, "fields": {"question": 8, "player": 23, "is_correct": true, "elapsed_time": 4.0}}, {"model": "api.playerquestion", "pk": 249, "fields": {"question": 9, "player": 22, "is_correct": true, "elapsed_time": 4.0}}, {"model": "api.playerquestion", "pk": 250, "fields": {"question": 9, "player": 23, "is_correct": true, "elapsed_time": 4.0}}, {"model": "api.playerquestion", "pk": 251, "fields": {"question": 10, "player": 22, "is_correct": true, "elapsed_time": 18.0}}, {"model": "api.playerquestion", "pk": 252, "fields": {"question": 10, "player": 23, "is_correct": true, "elapsed_time": 18.0}}, {"model": "api.playerquestion", "pk": 253, "fields": {"question": 11, "player": 22, "is_correct": true, "elapsed_time": 9.0}}, {"model": "api.playerquestion", "pk": 254, "fields": {"question": 11, "player": 23, "is_correct": true, "elapsed_time": 9.0}}, {"model": "api.playerquestion", "pk": 255, "fields": {"question": 12, "player": 22, "is_correct": true, "elapsed_time": 7.0}}, {"model": "api.playerquestion", "pk": 256, "fields": {"question": 12, "player": 23, "is_correct": true, "elapsed_time": 7.0}}, {"model": "api.playerquestion", "pk": 257, "fields": {"question": 16, "player": 22, "is_correct": true, "elapsed_time": 15.0}}, {"model": "api.playerquestion", "pk": 258, "fields": {"question": 16, "player": 23, "is_correct": true, "elapsed_time": 15.0}}, {"model": "api.playerquestion", "pk": 259, "fields": {"question": 17, "player": 22, "is_correct": true, "elapsed_time": 6.0}}, {"model": "api.playerquestion", "pk": 260, "fields": {"question": 17, "player": 23, "is_correct": true, "elapsed_time": 6.0}}, {"model": "api.playerquestion", "pk": 261, "fields": {"question": 18, "player": 22, "is_correct": true, "elapsed_time": 3.0}}, {"model": "api.playerquestion", "pk": 262, "fields": {"question": 18, "player": 23, "is_correct": true, "elapsed_time": 3.0}}, {"model": "api.playerquestion", "pk": 263, "fields": {"question": 20, "player": 22, "is_correct": true, "elapsed_time": 15.0}}, {"model": "api.playerquestion", "pk": 264, "fields": {"question": 20, "player": 23, "is_correct": true, "elapsed_time": 15.0}}, {"model": "api.playerquestion", "pk": 265, "fields": {"question": 21, "player": 22, "is_correct": true, "elapsed_time": 20.0}}, {"model": "api.playerquestion", "pk": 266, "fields": {"question": 21, "player": 23, "is_correct": true, "elapsed_time": 20.0}}, {"model": "api.playerquestion", "pk": 267, "fields": {"question": 22, "player": 22, "is_correct": false, "elapsed_time": 17.0}}, {"model": "api.playerquestion", "pk": 268, "fields": {"question": 22, "player": 23, "is_correct": false, "elapsed_time": 17.0}}, {"model": "api.playerquestion", "pk": 269, "fields": {"question": 23, "player": 23, "is_correct": false, "elapsed_time": 11.0}}, {"model": "api.playerquestion", "pk": 270, "fields": {"question": 23, "player": 22, "is_correct": true, "elapsed_time": 11.0}}, {"model": "api.playerquestion", "pk": 271, "fields": {"question": 26, "player": 23, "is_correct": true, "elapsed_time": 7.0}}, {"model": "api.playerquestion", "pk": 272, "fields": {"question": 26, "player": 22, "is_correct": true, "elapsed_time": 6.0}}, {"model": "api.playerquestion", "pk": 273, "fields": {"question": 27, "player": 23, "is_correct": true, "elapsed_time": 8.0}}, {"model": "api.playerquestion", "pk": 274, "fields": {"question": 27, "player": 22, "is_correct": false, "elapsed_time": 8.0}}, {"model": "api.playerquestion", "pk": 275, "fields": {"question": 28, "player": 23, "is_correct": true, "elapsed_time": 7.0}}, {"model": "api.playerquestion", "pk": 276, "fields": {"question": 28, "player": 22, "is_correct": true, "elapsed_time": 5.0}}, {"model": "api.playerquestion", "pk": 277, "fields": {"question": 29, "player": 23, "is_correct": true, "elapsed_time": 5.0}}, {"model": "api.playerquestion", "pk": 278, "fields": {"question": 29, "player": 22, "is_correct": true, "elapsed_time": 3.0}}, {"model": "api.playerquestion", "pk": 279, "fields": {"question": 30, "player": 23, "is_correct": true, "elapsed_time": 3.0}}, {"model": "api.playerquestion", "pk": 280, "fields": {"question": 30, "player": 22, "is_correct": true, "elapsed_time": 2.0}}, {"model": "api.playerquestion", "pk": 281, "fields": {"question": 31, "player": 23, "is_correct": false, "elapsed_time": 8.0}}, {"model": "api.playerquestion", "pk": 282, "fields": {"question": 31, "player": 22, "is_correct": true, "elapsed_time": 7.0}}, {"model": "api.playerquestion", "pk": 283, "fields": {"question": 32, "player": 23, "is_correct": true, "elapsed_time": 5.0}}, {"model": "api.playerquestion", "pk": 284, "fields": {"question": 32, "player": 22, "is_correct": true, "elapsed_time": 3.0}}, {"model": "api.playerquestion", "pk": 285, "fields": {"question": 33, "player": 23, "is_correct": true, "elapsed_time": 7.0}}, {"model": "api.playerquestion", "pk": 286, "fields": {"question": 33, "player": 22, "is_correct": true, "elapsed_time": 5.0}}, {"model": "api.playerquestion", "pk": 287, "fields": {"question": 34, "player": 23, "is_correct": false, "elapsed_time": 9.0}}, {"model": "api.playerquestion", "pk": 288, "fields": {"question": 34, "player": 22, "is_correct": false, "elapsed_time": 10.0}}, {"model": "api.playerquestion", "pk": 289, "fields": {"question": 35, "player": 23, "is_correct": false, "elapsed_time": 14.0}}, {"model": "api.playerquestion", "pk": 290, "fields": {"question": 35, "player": 22, "is_correct": true, "elapsed_time": 13.0}}, {"model": "api.playerquestion", "pk": 291, "fields": {"question": 3, "player": 24, "is_correct": true, "elapsed_time": 10.0}}, {"model": "api.playerquestion", "pk": 292, "fields": {"question": 3, "player": 25, "is_correct": true, "elapsed_time": 14.0}}, {"model": "api.playerquestion", "pk": 293, "fields": {"question": 4, "player": 24, "is_correct": true, "elapsed_time": 5.0}}, {"model": "api.playerquestion", "pk": 294, "fields": {"question": 4, "player": 25, "is_correct": false, "elapsed_time": 4.0}}, {"model": "api.playerquestion", "pk": 295, "fields": {"question": 5, "player": 24, "is_correct": true, "elapsed_time": 4.0}}, {"model": "api.playerquestion", "pk": 296, "fields": {"question": 5, "player": 25, "is_correct": true, "elapsed_time": 4.0}}, {"model": "api.playerquestion", "pk": 297, "fields": {"question": 6, "player": 24, "is_correct": true, "elapsed_time": 13.0}}, {"model": "api.playerquestion", "pk": 298, "fields": {"question": 6, "player": 25, "is_correct": false, "elapsed_time": 3.0}}, {"model": "api.playerquestion", "pk": 299, "fields": {"question": 7, "player": 24, "is_correct": true, "elapsed_time": 12.0}}, {"model": "api.playerquestion", "pk": 300, "fields": {"question": 7, "player": 25, "is_correct": true, "elapsed_time": 11.0}}, {"model": "api.playerquestion", "pk": 301, "fields": {"question": 8, "player": 24, "is_correct": true, "elapsed_time": 5.0}}, {"model": "api.playerquestion", "pk": 302, "fields": {"question": 8, "player": 25, "is_correct": true, "elapsed_time": 5.0}}, {"model": "api.playerquestion", "pk": 303, "fields": {"question": 9, "player": 24, "is_correct": true, "elapsed_time": 6.0}}, {"model": "api.playerquestion", "pk": 304, "fields": {"question": 9, "player": 25, "is_correct": true, "elapsed_time": 4.0}}, {"model": "api.playerquestion", "pk": 305, "fields": {"question": 10, "player": 24, "is_correct": true, "elapsed_time": 12.0}}, {"model": "api.playerquestion", "pk": 306, "fields": {"question": 10, "player": 25, "is_correct": true, "elapsed_time": 6.0}}, {"model": "api.playerquestion", "pk": 307, "fields": {"question": 11, "player": 24, "is_correct": true, "elapsed_time": 5.0}}, {"model": "api.playerquestion", "pk": 308, "fields": {"question": 11, "player": 25, "is_correct": true, "elapsed_time": 5.0}}, {"model": "api.playerquestion", "pk": 309, "fields": {"question": 12, "player": 24, "is_correct": false, "elapsed_time": 8.0}}, {"model": "api.playerquestion", "pk": 310, "fields": {"question": 12, "player": 25, "is_correct": false, "elapsed_time": 5.0}}, {"model": "api.playerquestion", "pk": 311, "fields": {"question": 16, "player": 24, "is_correct": true, "elapsed_time": 7.0}}, {"model": "api.playerquestion", "pk": 312, "fields": {"question": 16, "player": 25, "is_correct": true, "elapsed_time": 4.0}}, {"model": "api.playerquestion", "pk": 313, "fields": {"question": 17, "player": 24, "is_correct": true, "elapsed_time": 7.0}}, {"model": "api.playerquestion", "pk": 314, "fields": {"question": 17, "player": 25, "is_correct": true, "elapsed_time": 4.0}}, {"model": "api.playerquestion", "pk": 315, "fields": {"question": 18, "player": 24, "is_correct": true, "elapsed_time": 6.0}}, {"model": "api.playerquestion", "pk": 316, "fields": {"question": 18, "player": 25, "is_correct": true, "elapsed_time": 5.0}}, {"model": "api.playerquestion", "pk": 317, "fields": {"question": 20, "player": 24, "is_correct": true, "elapsed_time": 4.0}}, {"model": "api.playerquestion", "pk": 318, "fields": {"question": 20, "player": 25, "is_correct": true, "elapsed_time": 7.0}}, {"model": "api.playerquestion", "pk": 319, "fields": {"question": 21, "player": 24, "is_correct": true, "elapsed_time": 5.0}}, {"model": "api.playerquestion", "pk": 320, "fields": {"question": 21, "player": 25, "is_correct": false, "elapsed_time": 5.0}}, {"model": "api.playerquestion", "pk": 321, "fields": {"question": 22, "player": 24, "is_correct": false, "elapsed_time": 30.0}}, {"model": "api.playerquestion", "pk": 322, "fields": {"question": 22, "player": 25, "is_correct": true, "elapsed_time": 29.0}}, {"model": "api.playerquestion", "pk": 323, "fields": {"question": 23, "player": 24, "is_correct": true, "elapsed_time": 10.0}}, {"model": "api.playerquestion", "pk": 324, "fields": {"question": 23, "player": 25, "is_correct": true, "elapsed_time": 10.0}}, {"model": "api.playerquestion", "pk": 325, "fields": {"question": 26, "player": 24, "is_correct": true, "elapsed_time": 11.0}}, {"model": "api.playerquestion", "pk": 326, "fields": {"question": 26, "player": 25, "is_correct": true, "elapsed_time": 11.0}}, {"model": "api.playerquestion", "pk": 327, "fields": {"question": 27, "player": 24, "is_correct": true, "elapsed_time": 21.0}}, {"model": "api.playerquestion", "pk": 328, "fields": {"question": 27, "player": 25, "is_correct": true, "elapsed_time": 21.0}}, {"model": "api.playerquestion", "pk": 329, "fields": {"question": 28, "player": 24, "is_correct": true, "elapsed_time": 7.0}}, {"model": "api.playerquestion", "pk": 330, "fields": {"question": 28, "player": 25, "is_correct": true, "elapsed_time": 7.0}}, {"model": "api.playerquestion", "pk": 331, "fields": {"question": 29, "player": 24, "is_correct": true, "elapsed_time": 6.0}}, {"model": "api.playerquestion", "pk": 332, "fields": {"question": 29, "player": 25, "is_correct": true, "elapsed_time": 6.0}}, {"model": "api.playerquestion", "pk": 333, "fields": {"question": 30, "player": 24, "is_correct": true, "elapsed_time": 10.0}}, {"model": "api.playerquestion", "pk": 334, "fields": {"question": 30, "player": 25, "is_correct": true, "elapsed_time": 10.0}}, {"model": "api.playerquestion", "pk": 335, "fields": {"question": 31, "player": 24, "is_correct": true, "elapsed_time": 20.0}}, {"model": "api.playerquestion", "pk": 336, "fields": {"question": 31, "player": 25, "is_correct": true, "elapsed_time": 20.0}}, {"model": "api.playerquestion", "pk": 337, "fields": {"question": 32, "player": 24, "is_correct": false, "elapsed_time": 4.0}}, {"model": "api.playerquestion", "pk": 338, "fields": {"question": 32, "player": 25, "is_correct": false, "elapsed_time": 4.0}}, {"model": "api.playerquestion", "pk": 339, "fields": {"question": 33, "player": 24, "is_correct": true, "elapsed_time": 4.0}}, {"model": "api.playerquestion", "pk": 340, "fields": {"question": 33, "player": 25, "is_correct": true, "elapsed_time": 4.0}}, {"model": "api.playerquestion", "pk": 341, "fields": {"question": 34, "player": 24, "is_correct": true, "elapsed_time": 16.0}}, {"model": "api.playerquestion", "pk": 342, "fields": {"question": 34, "player": 25, "is_correct": true, "elapsed_time": 16.0}}, {"model": "api.playerquestion", "pk": 343, "fields": {"question": 35, "player": 24, "is_correct": true, "elapsed_time": 27.0}}, {"model": "api.playerquestion", "pk": 344, "fields": {"question": 35, "player": 25, "is_correct": true, "elapsed_time": 27.0}}, {"model": "api.playerquestion", "pk": 345, "fields": {"question": 3, "player": 26, "is_correct": true, "elapsed_time": 13.0}}, {"model": "api.playerquestion", "pk": 346, "fields": {"question": 3, "player": 27, "is_correct": false, "elapsed_time": 14.0}}, {"model": "api.playerquestion", "pk": 347, "fields": {"question": 4, "player": 26, "is_correct": true, "elapsed_time": 11.0}}, {"model": "api.playerquestion", "pk": 348, "fields": {"question": 4, "player": 27, "is_correct": true, "elapsed_time": 4.0}}, {"model": "api.playerquestion", "pk": 349, "fields": {"question": 5, "player": 26, "is_correct": true, "elapsed_time": 6.0}}, {"model": "api.playerquestion", "pk": 350, "fields": {"question": 5, "player": 27, "is_correct": true, "elapsed_time": 7.0}}, {"model": "api.playerquestion", "pk": 351, "fields": {"question": 23, "player": 28, "is_correct": false, "elapsed_time": 14.0}}, {"model": "api.playerquestion", "pk": 352, "fields": {"question": 23, "player": 29, "is_correct": false, "elapsed_time": 14.0}}, {"model": "api.playerquestion", "pk": 353, "fields": {"question": 6, "player": 26, "is_correct": false, "elapsed_time": 5.0}}, {"model": "api.playerquestion", "pk": 354, "fields": {"question": 6, "player": 27, "is_correct": false, "elapsed_time": 5.0}}, {"model": "api.playerquestion", "pk": 355, "fields": {"question": 7, "player": 26, "is_correct": false, "elapsed_time": 6.0}}, {"model": "api.playerquestion", "pk": 356, "fields": {"question": 7, "player": 27, "is_correct": true, "elapsed_time": 5.0}}, {"model": "api.playerquestion", "pk": 357, "fields": {"question": 26, "player": 28, "is_correct": false, "elapsed_time": 12.0}}, {"model": "api.playerquestion", "pk": 358, "fields": {"question": 26, "player": 29, "is_correct": false, "elapsed_time": 12.0}}, {"model": "api.playerquestion", "pk": 359, "fields": {"question": 8, "player": 26, "is_correct": true, "elapsed_time": 6.0}}, {"model": "api.playerquestion", "pk": 360, "fields": {"question": 8, "player": 27, "is_correct": true, "elapsed_time": 3.0}}, {"model": "api.playerquestion", "pk": 361, "fields": {"question": 9, "player": 26, "is_correct": false, "elapsed_time": 8.0}}, {"model": "api.playerquestion", "pk": 362, "fields": {"question": 9, "player": 27, "is_correct": true, "elapsed_time": 3.0}}, {"model": "api.playerquestion", "pk": 363, "fields": {"question": 27, "player": 28, "is_correct": false, "elapsed_time": 20.0}}, {"model": "api.playerquestion", "pk": 364, "fields": {"question": 27, "player": 29, "is_correct": false, "elapsed_time": 20.0}}, {"model": "api.playerquestion", "pk": 365, "fields": {"question": 10, "player": 26, "is_correct": true, "elapsed_time": 7.0}}, {"model": "api.playerquestion", "pk": 366, "fields": {"question": 10, "player": 27, "is_correct": true, "elapsed_time": 7.0}}, {"model": "api.playerquestion", "pk": 367, "fields": {"question": 28, "player": 28, "is_correct": true, "elapsed_time": 17.0}}, {"model": "api.playerquestion", "pk": 368, "fields": {"question": 28, "player": 29, "is_correct": true, "elapsed_time": 17.0}}, {"model": "api.playerquestion", "pk": 369, "fields": {"question": 11, "player": 26, "is_correct": false, "elapsed_time": 8.0}}, {"model": "api.playerquestion", "pk": 370, "fields": {"question": 11, "player": 27, "is_correct": true, "elapsed_time": 9.0}}, {"model": "api.playerquestion", "pk": 371, "fields": {"question": 12, "player": 26, "is_correct": false, "elapsed_time": 6.0}}, {"model": "api.playerquestion", "pk": 372, "fields": {"question": 12, "player": 27, "is_correct": true, "elapsed_time": 6.0}}, {"model": "api.playerquestion", "pk": 373, "fields": {"question": 29, "player": 28, "is_correct": true, "elapsed_time": 8.0}}, {"model": "api.playerquestion", "pk": 374, "fields": {"question": 29, "player": 29, "is_correct": true, "elapsed_time": 8.0}}, {"model": "api.playerquestion", "pk": 375, "fields": {"question": 16, "player": 26, "is_correct": false, "elapsed_time": 9.0}}, {"model": "api.playerquestion", "pk": 376, "fields": {"question": 16, "player": 27, "is_correct": true, "elapsed_time": 5.0}}, {"model": "api.playerquestion", "pk": 377, "fields": {"question": 17, "player": 26, "is_correct": false, "elapsed_time": 11.0}}, {"model": "api.playerquestion", "pk": 378, "fields": {"question": 17, "player": 27, "is_correct": true, "elapsed_time": 7.0}}, {"model": "api.playerquestion", "pk": 379, "fields": {"question": 30, "player": 28, "is_correct": true, "elapsed_time": 11.0}}, {"model": "api.playerquestion", "pk": 380, "fields": {"question": 30, "player": 29, "is_correct": true, "elapsed_time": 11.0}}, {"model": "api.playerquestion", "pk": 381, "fields": {"question": 18, "player": 26, "is_correct": true, "elapsed_time": 7.0}}, {"model": "api.playerquestion", "pk": 382, "fields": {"question": 18, "player": 27, "is_correct": true, "elapsed_time": 7.0}}, {"model": "api.playerquestion", "pk": 383, "fields": {"question": 31, "player": 28, "is_correct": true, "elapsed_time": 15.0}}, {"model": "api.playerquestion", "pk": 384, "fields": {"question": 31, "player": 29, "is_correct": true, "elapsed_time": 15.0}}, {"model": "api.playerquestion", "pk": 385, "fields": {"question": 32, "player": 28, "is_correct": true, "elapsed_time": 4.0}}, {"model": "api.playerquestion", "pk": 386, "fields": {"question": 32, "player": 29, "is_correct": true, "elapsed_time": 4.0}}, {"model": "api.playerquestion", "pk": 387, "fields": {"question": 20, "player": 26, "is_correct": true, "elapsed_time": 6.0}}, {"model": "api.playerquestion", "pk": 388, "fields": {"question": 20, "player": 27, "is_correct": true, "elapsed_time": 4.0}}, {"model": "api.playerquestion", "pk": 389, "fields": {"question": 33, "player": 28, "is_correct": true, "elapsed_time": 7.0}}, {"model": "api.playerquestion", "pk": 390, "fields": {"question": 33, "player": 29, "is_correct": true, "elapsed_time": 7.0}}, {"model": "api.playerquestion", "pk": 391, "fields": {"question": 21, "player": 26, "is_correct": false, "elapsed_time": 7.0}}, {"model": "api.playerquestion", "pk": 392, "fields": {"question": 21, "player": 27, "is_correct": true, "elapsed_time": 3.0}}, {"model": "api.playerquestion", "pk": 393, "fields": {"question": 34, "player": 28, "is_correct": true, "elapsed_time": 7.0}}, {"model": "api.playerquestion", "pk": 394, "fields": {"question": 34, "player": 29, "is_correct": true, "elapsed_time": 7.0}}, {"model": "api.playerquestion", "pk": 395, "fields": {"question": 22, "player": 26, "is_correct": false, "elapsed_time": 24.0}}, {"model": "api.playerquestion", "pk": 396, "fields": {"question": 22, "player": 27, "is_correct": true, "elapsed_time": 23.0}}, {"model": "api.playerquestion", "pk": 397, "fields": {"question": 35, "player": 28, "is_correct": false, "elapsed_time": 9.0}}, {"model": "api.playerquestion", "pk": 398, "fields": {"question": 35, "player": 29, "is_correct": false, "elapsed_time": 9.0}}, {"model": "api.playerquestion", "pk": 399, "fields": {"question": 23, "player": 26, "is_correct": true, "elapsed_time": 7.0}}, {"model": "api.playerquestion", "pk": 400, "fields": {"question": 23, "player": 27, "is_correct": true, "elapsed_time": 7.0}}, {"model": "api.playerquestion", "pk": 401, "fields": {"question": 26, "player": 26, "is_correct": true, "elapsed_time": 10.0}}, {"model": "api.playerquestion", "pk": 402, "fields": {"question": 26, "player": 27, "is_correct": true, "elapsed_time": 10.0}}, {"model": "api.playerquestion", "pk": 403, "fields": {"question": 3, "player": 28, "is_correct": true, "elapsed_time": 15.0}}, {"model": "api.playerquestion", "pk": 404, "fields": {"question": 3, "player": 29, "is_correct": true, "elapsed_time": 15.0}}, {"model": "api.playerquestion", "pk": 405, "fields": {"question": 27, "player": 26, "is_correct": true, "elapsed_time": 27.0}}, {"model": "api.playerquestion", "pk": 406, "fields": {"question": 27, "player": 27, "is_correct": true, "elapsed_time": 27.0}}, {"model": "api.playerquestion", "pk": 407, "fields": {"question": 4, "player": 28, "is_correct": true, "elapsed_time": 16.0}}, {"model": "api.playerquestion", "pk": 408, "fields": {"question": 4, "player": 29, "is_correct": false, "elapsed_time": 16.0}}, {"model": "api.playerquestion", "pk": 409, "fields": {"question": 28, "player": 26, "is_correct": true, "elapsed_time": 10.0}}, {"model": "api.playerquestion", "pk": 410, "fields": {"question": 28, "player": 27, "is_correct": true, "elapsed_time": 10.0}}, {"model": "api.playerquestion", "pk": 411, "fields": {"question": 5, "player": 28, "is_correct": true, "elapsed_time": 11.0}}, {"model": "api.playerquestion", "pk": 412, "fields": {"question": 5, "player": 29, "is_correct": true, "elapsed_time": 11.0}}, {"model": "api.playerquestion", "pk": 413, "fields": {"question": 29, "player": 26, "is_correct": true, "elapsed_time": 5.0}}, {"model": "api.playerquestion", "pk": 414, "fields": {"question": 29, "player": 27, "is_correct": true, "elapsed_time": 5.0}}, {"model": "api.playerquestion", "pk": 415, "fields": {"question": 6, "player": 28, "is_correct": true, "elapsed_time": 9.0}}, {"model": "api.playerquestion", "pk": 416, "fields": {"question": 6, "player": 29, "is_correct": true, "elapsed_time": 9.0}}, {"model": "api.playerquestion", "pk": 417, "fields": {"question": 30, "player": 26, "is_correct": true, "elapsed_time": 4.0}}, {"model": "api.playerquestion", "pk": 418, "fields": {"question": 30, "player": 27, "is_correct": true, "elapsed_time": 4.0}}, {"model": "api.playerquestion", "pk": 419, "fields": {"question": 7, "player": 28, "is_correct": true, "elapsed_time": 13.0}}, {"model": "api.playerquestion", "pk": 420, "fields": {"question": 7, "player": 29, "is_correct": true, "elapsed_time": 12.0}}, {"model": "api.playerquestion", "pk": 421, "fields": {"question": 31, "player": 26, "is_correct": false, "elapsed_time": 17.0}}, {"model": "api.playerquestion", "pk": 422, "fields": {"question": 31, "player": 27, "is_correct": false, "elapsed_time": 17.0}}, {"model": "api.playerquestion", "pk": 423, "fields": {"question": 32, "player": 26, "is_correct": true, "elapsed_time": 4.0}}, {"model": "api.playerquestion", "pk": 424, "fields": {"question": 32, "player": 27, "is_correct": true, "elapsed_time": 4.0}}, {"model": "api.playerquestion", "pk": 425, "fields": {"question": 8, "player": 28, "is_correct": true, "elapsed_time": 7.0}}, {"model": "api.playerquestion", "pk": 426, "fields": {"question": 8, "player": 29, "is_correct": true, "elapsed_time": 5.0}}, {"model": "api.playerquestion", "pk": 427, "fields": {"question": 9, "player": 28, "is_correct": true, "elapsed_time": 7.0}}, {"model": "api.playerquestion", "pk": 428, "fields": {"question": 9, "player": 29, "is_correct": true, "elapsed_time": 8.0}}, {"model": "api.playerquestion", "pk": 429, "fields": {"question": 33, "player": 26, "is_correct": true, "elapsed_time": 25.0}}, {"model": "api.playerquestion", "pk": 430, "fields": {"question": 33, "player": 27, "is_correct": true, "elapsed_time": 25.0}}, {"model": "api.playerquestion", "pk": 431, "fields": {"question": 10, "player": 28, "is_correct": true, "elapsed_time": 16.0}}, {"model": "api.playerquestion", "pk": 432, "fields": {"question": 10, "player": 29, "is_correct": false, "elapsed_time": 17.0}}, {"model": "api.playerquestion", "pk": 433, "fields": {"question": 34, "player": 26, "is_correct": true, "elapsed_time": 8.0}}, {"model": "api.playerquestion", "pk": 434, "fields": {"question": 34, "player": 27, "is_correct": true, "elapsed_time": 8.0}}, {"model": "api.playerquestion", "pk": 435, "fields": {"question": 11, "player": 28, "is_correct": true, "elapsed_time": 7.0}}, {"model": "api.playerquestion", "pk": 436, "fields": {"question": 11, "player": 29, "is_correct": true, "elapsed_time": 7.0}}, {"model": "api.playerquestion", "pk": 437, "fields": {"question": 35, "player": 26, "is_correct": false, "elapsed_time": 17.0}}, {"model": "api.playerquestion", "pk": 438, "fields": {"question": 35, "player": 27, "is_correct": false, "elapsed_time": 17.0}}, {"model": "api.playerquestion", "pk": 439, "fields": {"question": 12, "player": 28, "is_correct": true, "elapsed_time": 13.0}}, {"model": "api.playerquestion", "pk": 440, "fields": {"question": 12, "player": 29, "is_correct": false, "elapsed_time": 14.0}}, {"model": "api.playerquestion", "pk": 441, "fields": {"question": 16, "player": 28, "is_correct": false, "elapsed_time": 20.0}}, {"model": "api.playerquestion", "pk": 442, "fields": {"question": 16, "player": 29, "is_correct": false, "elapsed_time": 21.0}}, {"model": "api.playerquestion", "pk": 443, "fields": {"question": 17, "player": 28, "is_correct": true, "elapsed_time": 9.0}}, {"model": "api.playerquestion", "pk": 444, "fields": {"question": 17, "player": 29, "is_correct": true, "elapsed_time": 10.0}}, {"model": "api.playerquestion", "pk": 445, "fields": {"question": 18, "player": 28, "is_correct": true, "elapsed_time": 6.0}}, {"model": "api.playerquestion", "pk": 446, "fields": {"question": 18, "player": 29, "is_correct": true, "elapsed_time": 7.0}}, {"model": "api.playerquestion", "pk": 447, "fields": {"question": 20, "player": 28, "is_correct": true, "elapsed_time": 8.0}}, {"model": "api.playerquestion", "pk": 448, "fields": {"question": 20, "player": 29, "is_correct": true, "elapsed_time": 8.0}}, {"model": "api.playerquestion", "pk": 449, "fields": {"question": 21, "player": 28, "is_correct": true, "elapsed_time": 5.0}}, {"model": "api.playerquestion", "pk": 450, "fields": {"question": 21, "player": 29, "is_correct": true, "elapsed_time": 5.0}}, {"model": "api.playerquestion", "pk": 451, "fields": {"question": 22, "player": 28, "is_correct": true, "elapsed_time": 23.0}}, {"model": "api.playerquestion", "pk": 452, "fields": {"question": 22, "player": 29, "is_correct": true, "elapsed_time": 23.0}}, {"model": "api.playerquestion", "pk": 453, "fields": {"question": 23, "player": 30, "is_correct": true, "elapsed_time": 5.0}}, {"model": "api.playerquestion", "pk": 454, "fields": {"question": 23, "player": 31, "is_correct": true, "elapsed_time": 5.0}}, {"model": "api.playerquestion", "pk": 455, "fields": {"question": 26, "player": 30, "is_correct": true, "elapsed_time": 11.0}}, {"model": "api.playerquestion", "pk": 456, "fields": {"question": 26, "player": 31, "is_correct": true, "elapsed_time": 11.0}}, {"model": "api.playerquestion", "pk": 457, "fields": {"question": 27, "player": 30, "is_correct": true, "elapsed_time": 9.0}}, {"model": "api.playerquestion", "pk": 458, "fields": {"question": 27, "player": 31, "is_correct": true, "elapsed_time": 9.0}}, {"model": "api.playerquestion", "pk": 459, "fields": {"question": 28, "player": 30, "is_correct": true, "elapsed_time": 8.0}}, {"model": "api.playerquestion", "pk": 460, "fields": {"question": 28, "player": 31, "is_correct": true, "elapsed_time": 8.0}}, {"model": "api.playerquestion", "pk": 461, "fields": {"question": 29, "player": 30, "is_correct": true, "elapsed_time": 4.0}}, {"model": "api.playerquestion", "pk": 462, "fields": {"question": 29, "player": 31, "is_correct": true, "elapsed_time": 4.0}}, {"model": "api.playerquestion", "pk": 463, "fields": {"question": 30, "player": 30, "is_correct": false, "elapsed_time": 5.0}}, {"model": "api.playerquestion", "pk": 464, "fields": {"question": 30, "player": 31, "is_correct": false, "elapsed_time": 5.0}}, {"model": "api.playerquestion", "pk": 465, "fields": {"question": 31, "player": 30, "is_correct": true, "elapsed_time": 15.0}}, {"model": "api.playerquestion", "pk": 466, "fields": {"question": 31, "player": 31, "is_correct": true, "elapsed_time": 15.0}}, {"model": "api.playerquestion", "pk": 467, "fields": {"question": 32, "player": 30, "is_correct": true, "elapsed_time": 5.0}}, {"model": "api.playerquestion", "pk": 468, "fields": {"question": 32, "player": 31, "is_correct": true, "elapsed_time": 5.0}}, {"model": "api.playerquestion", "pk": 469, "fields": {"question": 33, "player": 30, "is_correct": true, "elapsed_time": 6.0}}, {"model": "api.playerquestion", "pk": 470, "fields": {"question": 33, "player": 31, "is_correct": true, "elapsed_time": 6.0}}, {"model": "api.playerquestion", "pk": 471, "fields": {"question": 34, "player": 30, "is_correct": true, "elapsed_time": 4.0}}, {"model": "api.playerquestion", "pk": 472, "fields": {"question": 34, "player": 31, "is_correct": true, "elapsed_time": 4.0}}, {"model": "api.playerquestion", "pk": 473, "fields": {"question": 35, "player": 30, "is_correct": true, "elapsed_time": 13.0}}, {"model": "api.playerquestion", "pk": 474, "fields": {"question": 35, "player": 31, "is_correct": true, "elapsed_time": 13.0}}, {"model": "api.playerquestion", "pk": 475, "fields": {"question": 3, "player": 31, "is_correct": true, "elapsed_time": 10.0}}, {"model": "api.playerquestion", "pk": 476, "fields": {"question": 3, "player": 30, "is_correct": true, "elapsed_time": 10.0}}, {"model": "api.playerquestion", "pk": 477, "fields": {"question": 4, "player": 31, "is_correct": true, "elapsed_time": 3.0}}, {"model": "api.playerquestion", "pk": 478, "fields": {"question": 4, "player": 30, "is_correct": true, "elapsed_time": 3.0}}, {"model": "api.playerquestion", "pk": 479, "fields": {"question": 5, "player": 31, "is_correct": true, "elapsed_time": 4.0}}, {"model": "api.playerquestion", "pk": 480, "fields": {"question": 5, "player": 30, "is_correct": true, "elapsed_time": 4.0}}, {"model": "api.playerquestion", "pk": 481, "fields": {"question": 6, "player": 31, "is_correct": true, "elapsed_time": 3.0}}, {"model": "api.playerquestion", "pk": 482, "fields": {"question": 6, "player": 30, "is_correct": true, "elapsed_time": 3.0}}, {"model": "api.playerquestion", "pk": 483, "fields": {"question": 7, "player": 31, "is_correct": true, "elapsed_time": 5.0}}, {"model": "api.playerquestion", "pk": 484, "fields": {"question": 7, "player": 30, "is_correct": true, "elapsed_time": 5.0}}, {"model": "api.playerquestion", "pk": 485, "fields": {"question": 8, "player": 31, "is_correct": true, "elapsed_time": 2.0}}, {"model": "api.playerquestion", "pk": 486, "fields": {"question": 8, "player": 30, "is_correct": true, "elapsed_time": 2.0}}, {"model": "api.playerquestion", "pk": 487, "fields": {"question": 9, "player": 31, "is_correct": false, "elapsed_time": 2.0}}, {"model": "api.playerquestion", "pk": 488, "fields": {"question": 9, "player": 30, "is_correct": true, "elapsed_time": 5.0}}, {"model": "api.playerquestion", "pk": 489, "fields": {"question": 10, "player": 31, "is_correct": false, "elapsed_time": 5.0}}, {"model": "api.playerquestion", "pk": 490, "fields": {"question": 10, "player": 30, "is_correct": true, "elapsed_time": 5.0}}, {"model": "api.playerquestion", "pk": 491, "fields": {"question": 11, "player": 31, "is_correct": true, "elapsed_time": 5.0}}, {"model": "api.playerquestion", "pk": 492, "fields": {"question": 11, "player": 30, "is_correct": true, "elapsed_time": 5.0}}, {"model": "api.playerquestion", "pk": 493, "fields": {"question": 12, "player": 31, "is_correct": false, "elapsed_time": 6.0}}, {"model": "api.playerquestion", "pk": 494, "fields": {"question": 12, "player": 30, "is_correct": false, "elapsed_time": 3.0}}, {"model": "api.playerquestion", "pk": 495, "fields": {"question": 16, "player": 31, "is_correct": true, "elapsed_time": 10.0}}, {"model": "api.playerquestion", "pk": 496, "fields": {"question": 16, "player": 30, "is_correct": true, "elapsed_time": 10.0}}, {"model": "api.playerquestion", "pk": 497, "fields": {"question": 17, "player": 31, "is_correct": true, "elapsed_time": 3.0}}, {"model": "api.playerquestion", "pk": 498, "fields": {"question": 17, "player": 30, "is_correct": true, "elapsed_time": 5.0}}, {"model": "api.playerquestion", "pk": 499, "fields": {"question": 18, "player": 31, "is_correct": true, "elapsed_time": 4.0}}, {"model": "api.playerquestion", "pk": 500, "fields": {"question": 18, "player": 30, "is_correct": true, "elapsed_time": 4.0}}, {"model": "api.playerquestion", "pk": 501, "fields": {"question": 20, "player": 31, "is_correct": true, "elapsed_time": 4.0}}, {"model": "api.playerquestion", "pk": 502, "fields": {"question": 20, "player": 30, "is_correct": true, "elapsed_time": 4.0}}, {"model": "api.playerquestion", "pk": 503, "fields": {"question": 21, "player": 31, "is_correct": true, "elapsed_time": 5.0}}, {"model": "api.playerquestion", "pk": 504, "fields": {"question": 21, "player": 30, "is_correct": false, "elapsed_time": 6.0}}, {"model": "api.playerquestion", "pk": 505, "fields": {"question": 22, "player": 31, "is_correct": false, "elapsed_time": 3.0}}, {"model": "api.playerquestion", "pk": 506, "fields": {"question": 22, "player": 30, "is_correct": false, "elapsed_time": 3.0}}, {"model": "api.playerquestion", "pk": 507, "fields": {"question": 3, "player": 32, "is_correct": true, "elapsed_time": 11.0}}, {"model": "api.playerquestion", "pk": 508, "fields": {"question": 3, "player": 33, "is_correct": false, "elapsed_time": 12.0}}, {"model": "api.playerquestion", "pk": 509, "fields": {"question": 4, "player": 32, "is_correct": true, "elapsed_time": 4.0}}, {"model": "api.playerquestion", "pk": 510, "fields": {"question": 4, "player": 33, "is_correct": true, "elapsed_time": 4.0}}, {"model": "api.playerquestion", "pk": 511, "fields": {"question": 5, "player": 32, "is_correct": true, "elapsed_time": 7.0}}, {"model": "api.playerquestion", "pk": 512, "fields": {"question": 5, "player": 33, "is_correct": false, "elapsed_time": 10.0}}, {"model": "api.playerquestion", "pk": 513, "fields": {"question": 6, "player": 32, "is_correct": true, "elapsed_time": 5.0}}, {"model": "api.playerquestion", "pk": 514, "fields": {"question": 6, "player": 33, "is_correct": true, "elapsed_time": 4.0}}, {"model": "api.playerquestion", "pk": 515, "fields": {"question": 7, "player": 32, "is_correct": false, "elapsed_time": 5.0}}, {"model": "api.playerquestion", "pk": 516, "fields": {"question": 7, "player": 33, "is_correct": true, "elapsed_time": 5.0}}, {"model": "api.playerquestion", "pk": 517, "fields": {"question": 8, "player": 32, "is_correct": false, "elapsed_time": 3.0}}, {"model": "api.playerquestion", "pk": 518, "fields": {"question": 8, "player": 33, "is_correct": true, "elapsed_time": 4.0}}, {"model": "api.playerquestion", "pk": 519, "fields": {"question": 9, "player": 32, "is_correct": true, "elapsed_time": 7.0}}, {"model": "api.playerquestion", "pk": 520, "fields": {"question": 9, "player": 33, "is_correct": true, "elapsed_time": 5.0}}, {"model": "api.playerquestion", "pk": 521, "fields": {"question": 10, "player": 32, "is_correct": true, "elapsed_time": 4.0}}, {"model": "api.playerquestion", "pk": 522, "fields": {"question": 10, "player": 33, "is_correct": true, "elapsed_time": 4.0}}, {"model": "api.playerquestion", "pk": 523, "fields": {"question": 11, "player": 32, "is_correct": true, "elapsed_time": 5.0}}, {"model": "api.playerquestion", "pk": 524, "fields": {"question": 11, "player": 33, "is_correct": true, "elapsed_time": 5.0}}, {"model": "api.playerquestion", "pk": 525, "fields": {"question": 12, "player": 32, "is_correct": false, "elapsed_time": 3.0}}, {"model": "api.playerquestion", "pk": 526, "fields": {"question": 12, "player": 33, "is_correct": false, "elapsed_time": 6.0}}, {"model": "api.playerquestion", "pk": 527, "fields": {"question": 16, "player": 32, "is_correct": false, "elapsed_time": 6.0}}, {"model": "api.playerquestion", "pk": 528, "fields": {"question": 16, "player": 33, "is_correct": true, "elapsed_time": 7.0}}, {"model": "api.playerquestion", "pk": 529, "fields": {"question": 17, "player": 32, "is_correct": true, "elapsed_time": 5.0}}, {"model": "api.playerquestion", "pk": 530, "fields": {"question": 17, "player": 33, "is_correct": false, "elapsed_time": 5.0}}, {"model": "api.playerquestion", "pk": 531, "fields": {"question": 18, "player": 32, "is_correct": true, "elapsed_time": 5.0}}, {"model": "api.playerquestion", "pk": 532, "fields": {"question": 18, "player": 33, "is_correct": true, "elapsed_time": 5.0}}, {"model": "api.playerquestion", "pk": 533, "fields": {"question": 20, "player": 32, "is_correct": false, "elapsed_time": 9.0}}, {"model": "api.playerquestion", "pk": 534, "fields": {"question": 20, "player": 33, "is_correct": false, "elapsed_time": 7.0}}, {"model": "api.playerquestion", "pk": 535, "fields": {"question": 21, "player": 32, "is_correct": true, "elapsed_time": 9.0}}, {"model": "api.playerquestion", "pk": 536, "fields": {"question": 21, "player": 33, "is_correct": true, "elapsed_time": 5.0}}, {"model": "api.playerquestion", "pk": 537, "fields": {"question": 22, "player": 32, "is_correct": false, "elapsed_time": 4.0}}, {"model": "api.playerquestion", "pk": 538, "fields": {"question": 22, "player": 33, "is_correct": false, "elapsed_time": 8.0}}, {"model": "api.playerquestion", "pk": 539, "fields": {"question": 23, "player": 33, "is_correct": true, "elapsed_time": 23.0}}, {"model": "api.playerquestion", "pk": 540, "fields": {"question": 23, "player": 32, "is_correct": true, "elapsed_time": 23.0}}, {"model": "api.playerquestion", "pk": 541, "fields": {"question": 26, "player": 33, "is_correct": false, "elapsed_time": 12.0}}, {"model": "api.playerquestion", "pk": 542, "fields": {"question": 26, "player": 32, "is_correct": false, "elapsed_time": 12.0}}, {"model": "api.playerquestion", "pk": 543, "fields": {"question": 27, "player": 33, "is_correct": true, "elapsed_time": 12.0}}, {"model": "api.playerquestion", "pk": 544, "fields": {"question": 27, "player": 32, "is_correct": true, "elapsed_time": 12.0}}, {"model": "api.playerquestion", "pk": 545, "fields": {"question": 28, "player": 33, "is_correct": true, "elapsed_time": 10.0}}, {"model": "api.playerquestion", "pk": 546, "fields": {"question": 28, "player": 32, "is_correct": true, "elapsed_time": 10.0}}, {"model": "api.playerquestion", "pk": 547, "fields": {"question": 29, "player": 33, "is_correct": true, "elapsed_time": 6.0}}, {"model": "api.playerquestion", "pk": 548, "fields": {"question": 29, "player": 32, "is_correct": true, "elapsed_time": 6.0}}, {"model": "api.playerquestion", "pk": 549, "fields": {"question": 30, "player": 33, "is_correct": true, "elapsed_time": 10.0}}, {"model": "api.playerquestion", "pk": 550, "fields": {"question": 30, "player": 32, "is_correct": true, "elapsed_time": 10.0}}, {"model": "api.playerquestion", "pk": 551, "fields": {"question": 31, "player": 33, "is_correct": true, "elapsed_time": 14.0}}, {"model": "api.playerquestion", "pk": 552, "fields": {"question": 31, "player": 32, "is_correct": true, "elapsed_time": 14.0}}, {"model": "api.playerquestion", "pk": 553, "fields": {"question": 32, "player": 33, "is_correct": true, "elapsed_time": 14.0}}, {"model": "api.playerquestion", "pk": 554, "fields": {"question": 32, "player": 32, "is_correct": true, "elapsed_time": 14.0}}, {"model": "api.playerquestion", "pk": 555, "fields": {"question": 33, "player": 33, "is_correct": true, "elapsed_time": 13.0}}, {"model": "api.playerquestion", "pk": 556, "fields": {"question": 33, "player": 32, "is_correct": true, "elapsed_time": 13.0}}, {"model": "api.playerquestion", "pk": 557, "fields": {"question": 34, "player": 33, "is_correct": true, "elapsed_time": 11.0}}, {"model": "api.playerquestion", "pk": 558, "fields": {"question": 34, "player": 32, "is_correct": true, "elapsed_time": 11.0}}, {"model": "api.playerquestion", "pk": 559, "fields": {"question": 35, "player": 33, "is_correct": true, "elapsed_time": 7.0}}, {"model": "api.playerquestion", "pk": 560, "fields": {"question": 35, "player": 32, "is_correct": true, "elapsed_time": 7.0}}, {"model": "auth.permission", "pk": 1, "fields": {"name": "Can add log entry", "content_type": 1, "codename": "add_logentry"}}, {"model": "auth.permission", "pk": 2, "fields": {"name": "Can change log entry", "content_type": 1, "codename": "change_logentry"}}, {"model": "auth.permission", "pk": 3, "fields": {"name": "Can delete log entry", "content_type": 1, "codename": "delete_logentry"}}, {"model": "auth.permission", "pk": 4, "fields": {"name": "Can add permission", "content_type": 2, "codename": "add_permission"}}, {"model": "auth.permission", "pk": 5, "fields": {"name": "Can change permission", "content_type": 2, "codename": "change_permission"}}, {"model": "auth.permission", "pk": 6, "fields": {"name": "Can delete permission", "content_type": 2, "codename": "delete_permission"}}, {"model": "auth.permission", "pk": 7, "fields": {"name": "Can add user", "content_type": 3, "codename": "add_user"}}, {"model": "auth.permission", "pk": 8, "fields": {"name": "Can change user", "content_type": 3, "codename": "change_user"}}, {"model": "auth.permission", "pk": 9, "fields": {"name": "Can delete user", "content_type": 3, "codename": "delete_user"}}, {"model": "auth.permission", "pk": 10, "fields": {"name": "Can add group", "content_type": 4, "codename": "add_group"}}, {"model": "auth.permission", "pk": 11, "fields": {"name": "Can change group", "content_type": 4, "codename": "change_group"}}, {"model": "auth.permission", "pk": 12, "fields": {"name": "Can delete group", "content_type": 4, "codename": "delete_group"}}, {"model": "auth.permission", "pk": 13, "fields": {"name": "Can add content type", "content_type": 5, "codename": "add_contenttype"}}, {"model": "auth.permission", "pk": 14, "fields": {"name": "Can change content type", "content_type": 5, "codename": "change_contenttype"}}, {"model": "auth.permission", "pk": 15, "fields": {"name": "Can delete content type", "content_type": 5, "codename": "delete_contenttype"}}, {"model": "auth.permission", "pk": 16, "fields": {"name": "Can add session", "content_type": 6, "codename": "add_session"}}, {"model": "auth.permission", "pk": 17, "fields": {"name": "Can change session", "content_type": 6, "codename": "change_session"}}, {"model": "auth.permission", "pk": 18, "fields": {"name": "Can delete session", "content_type": 6, "codename": "delete_session"}}, {"model": "auth.permission", "pk": 19, "fields": {"name": "Can add player trophy", "content_type": 7, "codename": "add_playertrophy"}}, {"model": "auth.permission", "pk": 20, "fields": {"name": "Can change player trophy", "content_type": 7, "codename": "change_playertrophy"}}, {"model": "auth.permission", "pk": 21, "fields": {"name": "Can delete player trophy", "content_type": 7, "codename": "delete_playertrophy"}}, {"model": "auth.permission", "pk": 22, "fields": {"name": "Can add badge", "content_type": 8, "codename": "add_badge"}}, {"model": "auth.permission", "pk": 23, "fields": {"name": "Can change badge", "content_type": 8, "codename": "change_badge"}}, {"model": "auth.permission", "pk": 24, "fields": {"name": "Can delete badge", "content_type": 8, "codename": "delete_badge"}}, {"model": "auth.permission", "pk": 25, "fields": {"name": "Can add session", "content_type": 9, "codename": "add_session"}}, {"model": "auth.permission", "pk": 26, "fields": {"name": "Can change session", "content_type": 9, "codename": "change_session"}}, {"model": "auth.permission", "pk": 27, "fields": {"name": "Can delete session", "content_type": 9, "codename": "delete_session"}}, {"model": "auth.permission", "pk": 28, "fields": {"name": "Can add terminal", "content_type": 10, "codename": "add_terminal"}}, {"model": "auth.permission", "pk": 29, "fields": {"name": "Can change terminal", "content_type": 10, "codename": "change_terminal"}}, {"model": "auth.permission", "pk": 30, "fields": {"name": "Can delete terminal", "content_type": 10, "codename": "delete_terminal"}}, {"model": "auth.permission", "pk": 31, "fields": {"name": "Can add player", "content_type": 11, "codename": "add_player"}}, {"model": "auth.permission", "pk": 32, "fields": {"name": "Can change player", "content_type": 11, "codename": "change_player"}}, {"model": "auth.permission", "pk": 33, "fields": {"name": "Can delete player", "content_type": 11, "codename": "delete_player"}}, {"model": "auth.permission", "pk": 34, "fields": {"name": "Can add player powerup", "content_type": 12, "codename": "add_playerpowerup"}}, {"model": "auth.permission", "pk": 35, "fields": {"name": "Can change player powerup", "content_type": 12, "codename": "change_playerpowerup"}}, {"model": "auth.permission", "pk": 36, "fields": {"name": "Can delete player powerup", "content_type": 12, "codename": "delete_playerpowerup"}}, {"model": "auth.permission", "pk": 37, "fields": {"name": "Can add question", "content_type": 13, "codename": "add_question"}}, {"model": "auth.permission", "pk": 38, "fields": {"name": "Can change question", "content_type": 13, "codename": "change_question"}}, {"model": "auth.permission", "pk": 39, "fields": {"name": "Can delete question", "content_type": 13, "codename": "delete_question"}}, {"model": "auth.permission", "pk": 40, "fields": {"name": "Can add powerup", "content_type": 14, "codename": "add_powerup"}}, {"model": "auth.permission", "pk": 41, "fields": {"name": "Can change powerup", "content_type": 14, "codename": "change_powerup"}}, {"model": "auth.permission", "pk": 42, "fields": {"name": "Can delete powerup", "content_type": 14, "codename": "delete_powerup"}}, {"model": "auth.permission", "pk": 43, "fields": {"name": "Can add trophy", "content_type": 15, "codename": "add_trophy"}}, {"model": "auth.permission", "pk": 44, "fields": {"name": "Can change trophy", "content_type": 15, "codename": "change_trophy"}}, {"model": "auth.permission", "pk": 45, "fields": {"name": "Can delete trophy", "content_type": 15, "codename": "delete_trophy"}}, {"model": "auth.permission", "pk": 46, "fields": {"name": "Can add player question", "content_type": 16, "codename": "add_playerquestion"}}, {"model": "auth.permission", "pk": 47, "fields": {"name": "Can change player question", "content_type": 16, "codename": "change_playerquestion"}}, {"model": "auth.permission", "pk": 48, "fields": {"name": "Can delete player question", "content_type": 16, "codename": "delete_playerquestion"}}, {"model": "auth.user", "pk": 1, "fields": {"password": "pbkdf2_sha256$30000$j6JmIVyeIPZt$KoZmwLLYiBr6UGjEII9EX4wPVhXE3eJeSitDVd9Ffjs=", "last_login": "2016-10-21T12:40:01.944Z", "is_superuser": true, "username": "jhnoor", "first_name": "", "last_name": "", "email": "", "is_staff": true, "is_active": true, "date_joined": "2016-10-03T14:56:21.503Z", "groups": [], "user_permissions": []}}, {"model": "admin.logentry", "pk": 1, "fields": {"action_time": "2016-10-20T02:00:15.460Z", "user": 1, "content_type": 16, "object_id": "84", "object_repr": "question_5:player_1, correct: True", "action_flag": 3, "change_message": ""}}, {"model": "admin.logentry", "pk": 2, "fields": {"action_time": "2016-10-20T02:00:15.475Z", "user": 1, "content_type": 16, "object_id": "83", "object_repr": "question_5:player_2, correct: True", "action_flag": 3, "change_message": ""}}, {"model": "admin.logentry", "pk": 3, "fields": {"action_time": "2016-10-20T02:00:15.486Z", "user": 1, "content_type": 16, "object_id": "82", "object_repr": "question_4:player_1, correct: True", "action_flag": 3, "change_message": ""}}, {"model": "admin.logentry", "pk": 4, "fields": {"action_time": "2016-10-20T02:00:15.504Z", "user": 1, "content_type": 16, "object_id": "81", "object_repr": "question_4:player_2, correct: True", "action_flag": 3, "change_message": ""}}, {"model": "admin.logentry", "pk": 5, "fields": {"action_time": "2016-10-20T02:00:15.522Z", "user": 1, "content_type": 16, "object_id": "80", "object_repr": "question_3:player_1, correct: True", "action_flag": 3, "change_message": ""}}, {"model": "admin.logentry", "pk": 6, "fields": {"action_time": "2016-10-20T02:00:15.536Z", "user": 1, "content_type": 16, "object_id": "79", "object_repr": "question_3:player_2, correct: True", "action_flag": 3, "change_message": ""}}, {"model": "admin.logentry", "pk": 7, "fields": {"action_time": "2016-10-20T02:00:15.555Z", "user": 1, "content_type": 16, "object_id": "78", "object_repr": "question_4:player_2, correct: True", "action_flag": 3, "change_message": ""}}, {"model": "admin.logentry", "pk": 8, "fields": {"action_time": "2016-10-20T02:00:15.574Z", "user": 1, "content_type": 16, "object_id": "77", "object_repr": "question_4:player_1, correct: True", "action_flag": 3, "change_message": ""}}, {"model": "admin.logentry", "pk": 9, "fields": {"action_time": "2016-10-20T02:00:15.592Z", "user": 1, "content_type": 16, "object_id": "76", "object_repr": "question_3:player_1, correct: True", "action_flag": 3, "change_message": ""}}, {"model": "admin.logentry", "pk": 10, "fields": {"action_time": "2016-10-20T02:00:15.612Z", "user": 1, "content_type": 16, "object_id": "75", "object_repr": "question_3:player_2, correct: True", "action_flag": 3, "change_message": ""}}, {"model": "admin.logentry", "pk": 11, "fields": {"action_time": "2016-10-20T02:00:15.628Z", "user": 1, "content_type": 16, "object_id": "74", "object_repr": "question_4:player_4, correct: True", "action_flag": 3, "change_message": ""}}, {"model": "admin.logentry", "pk": 12, "fields": {"action_time": "2016-10-20T02:00:15.648Z", "user": 1, "content_type": 16, "object_id": "73", "object_repr": "question_4:player_3, correct: True", "action_flag": 3, "change_message": ""}}, {"model": "admin.logentry", "pk": 13, "fields": {"action_time": "2016-10-20T02:00:15.666Z", "user": 1, "content_type": 16, "object_id": "72", "object_repr": "question_6:player_3, correct: True", "action_flag": 3, "change_message": ""}}, {"model": "admin.logentry", "pk": 14, "fields": {"action_time": "2016-10-20T02:00:15.682Z", "user": 1, "content_type": 16, "object_id": "71", "object_repr": "question_6:player_4, correct: True", "action_flag": 3, "change_message": ""}}, {"model": "admin.logentry", "pk": 15, "fields": {"action_time": "2016-10-20T02:00:15.700Z", "user": 1, "content_type": 16, "object_id": "70", "object_repr": "question_4:player_3, correct: True", "action_flag": 3, "change_message": ""}}, {"model": "admin.logentry", "pk": 16, "fields": {"action_time": "2016-10-20T02:00:15.719Z", "user": 1, "content_type": 16, "object_id": "69", "object_repr": "question_4:player_4, correct: True", "action_flag": 3, "change_message": ""}}, {"model": "admin.logentry", "pk": 17, "fields": {"action_time": "2016-10-20T02:00:15.738Z", "user": 1, "content_type": 16, "object_id": "68", "object_repr": "question_3:player_3, correct: False", "action_flag": 3, "change_message": ""}}, {"model": "admin.logentry", "pk": 18, "fields": {"action_time": "2016-10-20T02:00:15.756Z", "user": 1, "content_type": 16, "object_id": "67", "object_repr": "question_3:player_4, correct: False", "action_flag": 3, "change_message": ""}}, {"model": "admin.logentry", "pk": 19, "fields": {"action_time": "2016-10-20T02:00:15.774Z", "user": 1, "content_type": 16, "object_id": "66", "object_repr": "question_12:player_3, correct: True", "action_flag": 3, "change_message": ""}}, {"model": "admin.logentry", "pk": 20, "fields": {"action_time": "2016-10-20T02:00:15.791Z", "user": 1, "content_type": 16, "object_id": "65", "object_repr": "question_12:player_4, correct: True", "action_flag": 3, "change_message": ""}}, {"model": "admin.logentry", "pk": 21, "fields": {"action_time": "2016-10-20T02:00:15.810Z", "user": 1, "content_type": 16, "object_id": "64", "object_repr": "question_8:player_3, correct: False", "action_flag": 3, "change_message": ""}}, {"model": "admin.logentry", "pk": 22, "fields": {"action_time": "2016-10-20T02:00:15.828Z", "user": 1, "content_type": 16, "object_id": "63", "object_repr": "question_8:player_4, correct: False", "action_flag": 3, "change_message": ""}}, {"model": "admin.logentry", "pk": 23, "fields": {"action_time": "2016-10-20T02:00:15.848Z", "user": 1, "content_type": 16, "object_id": "62", "object_repr": "question_6:player_3, correct: True", "action_flag": 3, "change_message": ""}}, {"model": "admin.logentry", "pk": 24, "fields": {"action_time": "2016-10-20T02:00:15.861Z", "user": 1, "content_type": 16, "object_id": "61", "object_repr": "question_6:player_4, correct: True", "action_flag": 3, "change_message": ""}}, {"model": "admin.logentry", "pk": 25, "fields": {"action_time": "2016-10-20T02:00:15.872Z", "user": 1, "content_type": 16, "object_id": "60", "object_repr": "question_4:player_3, correct: False", "action_flag": 3, "change_message": ""}}, {"model": "admin.logentry", "pk": 26, "fields": {"action_time": "2016-10-20T02:00:15.883Z", "user": 1, "content_type": 16, "object_id": "59", "object_repr": "question_4:player_4, correct: False", "action_flag": 3, "change_message": ""}}, {"model": "admin.logentry", "pk": 27, "fields": {"action_time": "2016-10-20T02:00:15.894Z", "user": 1, "content_type": 16, "object_id": "58", "object_repr": "question_3:player_3, correct: True", "action_flag": 3, "change_message": ""}}, {"model": "admin.logentry", "pk": 28, "fields": {"action_time": "2016-10-20T02:00:15.907Z", "user": 1, "content_type": 16, "object_id": "57", "object_repr": "question_3:player_4, correct: True", "action_flag": 3, "change_message": ""}}, {"model": "admin.logentry", "pk": 29, "fields": {"action_time": "2016-10-20T02:00:15.918Z", "user": 1, "content_type": 16, "object_id": "56", "object_repr": "question_6:player_4, correct: False", "action_flag": 3, "change_message": ""}}, {"model": "admin.logentry", "pk": 30, "fields": {"action_time": "2016-10-20T02:00:15.930Z", "user": 1, "content_type": 16, "object_id": "55", "object_repr": "question_6:player_3, correct: False", "action_flag": 3, "change_message": ""}}, {"model": "admin.logentry", "pk": 31, "fields": {"action_time": "2016-10-20T02:00:15.941Z", "user": 1, "content_type": 16, "object_id": "54", "object_repr": "question_3:player_4, correct: True", "action_flag": 3, "change_message": ""}}, {"model": "admin.logentry", "pk": 32, "fields": {"action_time": "2016-10-20T02:00:15.953Z", "user": 1, "content_type": 16, "object_id": "53", "object_repr": "question_3:player_3, correct: True", "action_flag": 3, "change_message": ""}}, {"model": "admin.logentry", "pk": 33, "fields": {"action_time": "2016-10-20T02:00:15.974Z", "user": 1, "content_type": 16, "object_id": "52", "object_repr": "question_8:player_3, correct: False", "action_flag": 3, "change_message": ""}}, {"model": "admin.logentry", "pk": 34, "fields": {"action_time": "2016-10-20T02:00:15.992Z", "user": 1, "content_type": 16, "object_id": "51", "object_repr": "question_8:player_4, correct: False", "action_flag": 3, "change_message": ""}}, {"model": "admin.logentry", "pk": 35, "fields": {"action_time": "2016-10-20T02:00:16.012Z", "user": 1, "content_type": 16, "object_id": "50", "object_repr": "question_7:player_3, correct: True", "action_flag": 3, "change_message": ""}}, {"model": "admin.logentry", "pk": 36, "fields": {"action_time": "2016-10-20T02:00:16.027Z", "user": 1, "content_type": 16, "object_id": "49", "object_repr": "question_7:player_4, correct: True", "action_flag": 3, "change_message": ""}}, {"model": "admin.logentry", "pk": 37, "fields": {"action_time": "2016-10-20T02:00:16.044Z", "user": 1, "content_type": 16, "object_id": "48", "object_repr": "question_6:player_3, correct: False", "action_flag": 3, "change_message": ""}}, {"model": "admin.logentry", "pk": 38, "fields": {"action_time": "2016-10-20T02:00:16.062Z", "user": 1, "content_type": 16, "object_id": "47", "object_repr": "question_6:player_4, correct: False", "action_flag": 3, "change_message": ""}}, {"model": "admin.logentry", "pk": 39, "fields": {"action_time": "2016-10-20T02:00:16.076Z", "user": 1, "content_type": 16, "object_id": "46", "object_repr": "question_18:player_3, correct: True", "action_flag": 3, "change_message": ""}}, {"model": "admin.logentry", "pk": 40, "fields": {"action_time": "2016-10-20T02:00:16.092Z", "user": 1, "content_type": 16, "object_id": "45", "object_repr": "question_18:player_4, correct: True", "action_flag": 3, "change_message": ""}}, {"model": "admin.logentry", "pk": 41, "fields": {"action_time": "2016-10-20T02:00:16.110Z", "user": 1, "content_type": 16, "object_id": "44", "object_repr": "question_17:player_3, correct: True", "action_flag": 3, "change_message": ""}}, {"model": "admin.logentry", "pk": 42, "fields": {"action_time": "2016-10-20T02:00:16.127Z", "user": 1, "content_type": 16, "object_id": "43", "object_repr": "question_17:player_4, correct: True", "action_flag": 3, "change_message": ""}}, {"model": "admin.logentry", "pk": 43, "fields": {"action_time": "2016-10-20T02:00:16.144Z", "user": 1, "content_type": 16, "object_id": "42", "object_repr": "question_16:player_3, correct: False", "action_flag": 3, "change_message": ""}}, {"model": "admin.logentry", "pk": 44, "fields": {"action_time": "2016-10-20T02:00:16.157Z", "user": 1, "content_type": 16, "object_id": "41", "object_repr": "question_16:player_4, correct: False", "action_flag": 3, "change_message": ""}}, {"model": "admin.logentry", "pk": 45, "fields": {"action_time": "2016-10-20T02:00:16.169Z", "user": 1, "content_type": 16, "object_id": "40", "object_repr": "question_12:player_3, correct: True", "action_flag": 3, "change_message": ""}}, {"model": "admin.logentry", "pk": 46, "fields": {"action_time": "2016-10-20T02:00:16.181Z", "user": 1, "content_type": 16, "object_id": "39", "object_repr": "question_12:player_4, correct: True", "action_flag": 3, "change_message": ""}}, {"model": "admin.logentry", "pk": 47, "fields": {"action_time": "2016-10-20T02:00:16.193Z", "user": 1, "content_type": 16, "object_id": "38", "object_repr": "question_11:player_3, correct: False", "action_flag": 3, "change_message": ""}}, {"model": "admin.logentry", "pk": 48, "fields": {"action_time": "2016-10-20T02:00:16.205Z", "user": 1, "content_type": 16, "object_id": "37", "object_repr": "question_11:player_4, correct: False", "action_flag": 3, "change_message": ""}}, {"model": "admin.logentry", "pk": 49, "fields": {"action_time": "2016-10-20T02:00:16.223Z", "user": 1, "content_type": 16, "object_id": "36", "object_repr": "question_10:player_3, correct: True", "action_flag": 3, "change_message": ""}}, {"model": "admin.logentry", "pk": 50, "fields": {"action_time": "2016-10-20T02:00:16.242Z", "user": 1, "content_type": 16, "object_id": "35", "object_repr": "question_10:player_4, correct: True", "action_flag": 3, "change_message": ""}}, {"model": "admin.logentry", "pk": 51, "fields": {"action_time": "2016-10-20T02:00:16.259Z", "user": 1, "content_type": 16, "object_id": "34", "object_repr": "question_9:player_3, correct: True", "action_flag": 3, "change_message": ""}}, {"model": "admin.logentry", "pk": 52, "fields": {"action_time": "2016-10-20T02:00:16.272Z", "user": 1, "content_type": 16, "object_id": "33", "object_repr": "question_9:player_4, correct: True", "action_flag": 3, "change_message": ""}}, {"model": "admin.logentry", "pk": 53, "fields": {"action_time": "2016-10-20T02:00:16.283Z", "user": 1, "content_type": 16, "object_id": "32", "object_repr": "question_8:player_3, correct: False", "action_flag": 3, "change_message": ""}}, {"model": "admin.logentry", "pk": 54, "fields": {"action_time": "2016-10-20T02:00:16.296Z", "user": 1, "content_type": 16, "object_id": "31", "object_repr": "question_8:player_4, correct: False", "action_flag": 3, "change_message": ""}}, {"model": "admin.logentry", "pk": 55, "fields": {"action_time": "2016-10-20T02:00:16.309Z", "user": 1, "content_type": 16, "object_id": "30", "object_repr": "question_7:player_3, correct: True", "action_flag": 3, "change_message": ""}}, {"model": "admin.logentry", "pk": 56, "fields": {"action_time": "2016-10-20T02:00:16.321Z", "user": 1, "content_type": 16, "object_id": "29", "object_repr": "question_7:player_4, correct: True", "action_flag": 3, "change_message": ""}}, {"model": "admin.logentry", "pk": 57, "fields": {"action_time": "2016-10-20T02:00:16.334Z", "user": 1, "content_type": 16, "object_id": "28", "object_repr": "question_6:player_3, correct: False", "action_flag": 3, "change_message": ""}}, {"model": "admin.logentry", "pk": 58, "fields": {"action_time": "2016-10-20T02:00:16.350Z", "user": 1, "content_type": 16, "object_id": "27", "object_repr": "question_6:player_4, correct: False", "action_flag": 3, "change_message": ""}}, {"model": "admin.logentry", "pk": 59, "fields": {"action_time": "2016-10-20T02:00:16.362Z", "user": 1, "content_type": 16, "object_id": "26", "object_repr": "question_5:player_3, correct: True", "action_flag": 3, "change_message": ""}}, {"model": "admin.logentry", "pk": 60, "fields": {"action_time": "2016-10-20T02:00:16.375Z", "user": 1, "content_type": 16, "object_id": "25", "object_repr": "question_5:player_4, correct: True", "action_flag": 3, "change_message": ""}}, {"model": "admin.logentry", "pk": 61, "fields": {"action_time": "2016-10-20T02:00:16.391Z", "user": 1, "content_type": 16, "object_id": "24", "object_repr": "question_4:player_3, correct: False", "action_flag": 3, "change_message": ""}}, {"model": "admin.logentry", "pk": 62, "fields": {"action_time": "2016-10-20T02:00:16.407Z", "user": 1, "content_type": 16, "object_id": "23", "object_repr": "question_4:player_4, correct: False", "action_flag": 3, "change_message": ""}}, {"model": "admin.logentry", "pk": 63, "fields": {"action_time": "2016-10-20T02:00:16.424Z", "user": 1, "content_type": 16, "object_id": "22", "object_repr": "question_4:player_3, correct: False", "action_flag": 3, "change_message": ""}}, {"model": "admin.logentry", "pk": 64, "fields": {"action_time": "2016-10-20T02:00:16.435Z", "user": 1, "content_type": 16, "object_id": "21", "object_repr": "question_4:player_4, correct: False", "action_flag": 3, "change_message": ""}}, {"model": "admin.logentry", "pk": 65, "fields": {"action_time": "2016-10-20T02:00:16.453Z", "user": 1, "content_type": 16, "object_id": "20", "object_repr": "question_3:player_3, correct: True", "action_flag": 3, "change_message": ""}}, {"model": "admin.logentry", "pk": 66, "fields": {"action_time": "2016-10-20T02:00:16.469Z", "user": 1, "content_type": 16, "object_id": "19", "object_repr": "question_3:player_4, correct: True", "action_flag": 3, "change_message": ""}}, {"model": "admin.logentry", "pk": 67, "fields": {"action_time": "2016-10-20T02:00:16.491Z", "user": 1, "content_type": 16, "object_id": "18", "object_repr": "question_3:player_3, correct: True", "action_flag": 3, "change_message": ""}}, {"model": "admin.logentry", "pk": 68, "fields": {"action_time": "2016-10-20T02:00:16.511Z", "user": 1, "content_type": 16, "object_id": "17", "object_repr": "question_3:player_4, correct: True", "action_flag": 3, "change_message": ""}}, {"model": "admin.logentry", "pk": 69, "fields": {"action_time": "2016-10-20T02:00:16.533Z", "user": 1, "content_type": 16, "object_id": "16", "object_repr": "question_5:player_4, correct: True", "action_flag": 3, "change_message": ""}}, {"model": "admin.logentry", "pk": 70, "fields": {"action_time": "2016-10-20T02:00:16.552Z", "user": 1, "content_type": 16, "object_id": "15", "object_repr": "question_5:player_3, correct: True", "action_flag": 3, "change_message": ""}}, {"model": "admin.logentry", "pk": 71, "fields": {"action_time": "2016-10-20T02:00:16.570Z", "user": 1, "content_type": 16, "object_id": "14", "object_repr": "question_4:player_4, correct: False", "action_flag": 3, "change_message": ""}}, {"model": "admin.logentry", "pk": 72, "fields": {"action_time": "2016-10-20T02:00:16.582Z", "user": 1, "content_type": 16, "object_id": "13", "object_repr": "question_4:player_3, correct: False", "action_flag": 3, "change_message": ""}}, {"model": "admin.logentry", "pk": 73, "fields": {"action_time": "2016-10-20T02:00:16.599Z", "user": 1, "content_type": 16, "object_id": "12", "object_repr": "question_3:player_4, correct: True", "action_flag": 3, "change_message": ""}}, {"model": "admin.logentry", "pk": 74, "fields": {"action_time": "2016-10-20T02:00:16.615Z", "user": 1, "content_type": 16, "object_id": "11", "object_repr": "question_3:player_3, correct: True", "action_flag": 3, "change_message": ""}}, {"model": "admin.logentry", "pk": 75, "fields": {"action_time": "2016-10-20T02:00:16.633Z", "user": 1, "content_type": 16, "object_id": "10", "object_repr": "question_3:player_4, correct: False", "action_flag": 3, "change_message": ""}}, {"model": "admin.logentry", "pk": 76, "fields": {"action_time": "2016-10-20T02:00:16.651Z", "user": 1, "content_type": 16, "object_id": "9", "object_repr": "question_3:player_3, correct: False", "action_flag": 3, "change_message": ""}}, {"model": "admin.logentry", "pk": 77, "fields": {"action_time": "2016-10-20T04:54:13.368Z", "user": 1, "content_type": 8, "object_id": "27", "object_repr": "362FFF02", "action_flag": 2, "change_message": "[{\"changed\": {\"fields\": [\"active_player\"]}}]"}}, {"model": "admin.logentry", "pk": 78, "fields": {"action_time": "2016-10-20T04:54:17.871Z", "user": 1, "content_type": 8, "object_id": "26", "object_repr": "160C7812", "action_flag": 2, "change_message": "[{\"changed\": {\"fields\": [\"active_player\"]}}]"}}, {"model": "admin.logentry", "pk": 79, "fields": {"action_time": "2016-10-20T04:54:22.240Z", "user": 1, "content_type": 8, "object_id": "25", "object_repr": "320C5F46", "action_flag": 2, "change_message": "[]"}}, {"model": "admin.logentry", "pk": 80, "fields": {"action_time": "2016-10-20T04:54:26.728Z", "user": 1, "content_type": 8, "object_id": "24", "object_repr": "C21786EC", "action_flag": 2, "change_message": "[]"}}, {"model": "admin.logentry", "pk": 81, "fields": {"action_time": "2016-10-20T04:54:30.205Z", "user": 1, "content_type": 8, "object_id": "24", "object_repr": "C21786EC", "action_flag": 2, "change_message": "[]"}}, {"model": "admin.logentry", "pk": 82, "fields": {"action_time": "2016-10-20T04:54:33.771Z", "user": 1, "content_type": 8, "object_id": "23", "object_repr": "45C92177", "action_flag": 2, "change_message": "[]"}}, {"model": "admin.logentry", "pk": 83, "fields": {"action_time": "2016-10-20T04:54:37.242Z", "user": 1, "content_type": 8, "object_id": "23", "object_repr": "45C92177", "action_flag": 2, "change_message": "[]"}}, {"model": "admin.logentry", "pk": 84, "fields": {"action_time": "2016-10-20T04:54:41.739Z", "user": 1, "content_type": 8, "object_id": "22", "object_repr": "1507E452", "action_flag": 2, "change_message": "[{\"changed\": {\"fields\": [\"active_player\"]}}]"}}, {"model": "admin.logentry", "pk": 85, "fields": {"action_time": "2016-10-20T04:54:45.207Z", "user": 1, "content_type": 8, "object_id": "20", "object_repr": "5500A775", "action_flag": 2, "change_message": "[{\"changed\": {\"fields\": [\"active_player\"]}}]"}}, {"model": "admin.logentry", "pk": 86, "fields": {"action_time": "2016-10-20T04:54:48.515Z", "user": 1, "content_type": 8, "object_id": "23", "object_repr": "45C92177", "action_flag": 2, "change_message": "[]"}}, {"model": "admin.logentry", "pk": 87, "fields": {"action_time": "2016-10-20T04:55:05.937Z", "user": 1, "content_type": 11, "object_id": "4", "object_repr": "player_4", "action_flag": 3, "change_message": ""}}, {"model": "admin.logentry", "pk": 88, "fields": {"action_time": "2016-10-20T04:55:05.950Z", "user": 1, "content_type": 11, "object_id": "3", "object_repr": "player_3", "action_flag": 3, "change_message": ""}}, {"model": "admin.logentry", "pk": 89, "fields": {"action_time": "2016-10-20T04:55:05.963Z", "user": 1, "content_type": 11, "object_id": "2", "object_repr": "player_2", "action_flag": 3, "change_message": ""}}, {"model": "admin.logentry", "pk": 90, "fields": {"action_time": "2016-10-20T04:55:05.979Z", "user": 1, "content_type": 11, "object_id": "1", "object_repr": "player_1", "action_flag": 3, "change_message": ""}}, {"model": "admin.logentry", "pk": 91, "fields": {"action_time": "2016-10-20T13:57:55.288Z", "user": 1, "content_type": 16, "object_id": "18", "object_repr": "question_4:player_10, correct: True", "action_flag": 3, "change_message": ""}}, {"model": "admin.logentry", "pk": 92, "fields": {"action_time": "2016-10-20T13:57:55.303Z", "user": 1, "content_type": 16, "object_id": "17", "object_repr": "question_4:player_11, correct: True", "action_flag": 3, "change_message": ""}}, {"model": "admin.logentry", "pk": 93, "fields": {"action_time": "2016-10-20T13:57:55.327Z", "user": 1, "content_type": 16, "object_id": "16", "object_repr": "question_3:player_10, correct: False", "action_flag": 3, "change_message": ""}}, {"model": "admin.logentry", "pk": 94, "fields": {"action_time": "2016-10-20T13:57:55.349Z", "user": 1, "content_type": 16, "object_id": "15", "object_repr": "question_3:player_11, correct: True", "action_flag": 3, "change_message": ""}}, {"model": "admin.logentry", "pk": 95, "fields": {"action_time": "2016-10-20T13:57:55.373Z", "user": 1, "content_type": 16, "object_id": "14", "object_repr": "question_3:player_9, correct: True", "action_flag": 3, "change_message": ""}}, {"model": "admin.logentry", "pk": 96, "fields": {"action_time": "2016-10-20T13:57:55.391Z", "user": 1, "content_type": 16, "object_id": "13", "object_repr": "question_3:player_5, correct: True", "action_flag": 3, "change_message": ""}}, {"model": "admin.logentry", "pk": 97, "fields": {"action_time": "2016-10-21T06:55:44.067Z", "user": 1, "content_type": 8, "object_id": "27", "object_repr": "362FFF02", "action_flag": 2, "change_message": "[{\"changed\": {\"fields\": [\"active_player\"]}}]"}}, {"model": "admin.logentry", "pk": 98, "fields": {"action_time": "2016-10-21T06:55:47.132Z", "user": 1, "content_type": 8, "object_id": "26", "object_repr": "160C7812", "action_flag": 2, "change_message": "[{\"changed\": {\"fields\": [\"active_player\"]}}]"}}, {"model": "admin.logentry", "pk": 99, "fields": {"action_time": "2016-10-21T06:55:50.479Z", "user": 1, "content_type": 8, "object_id": "25", "object_repr": "320C5F46", "action_flag": 2, "change_message": "[]"}}, {"model": "admin.logentry", "pk": 100, "fields": {"action_time": "2016-10-21T06:55:53.355Z", "user": 1, "content_type": 8, "object_id": "24", "object_repr": "C21786EC", "action_flag": 2, "change_message": "[]"}}, {"model": "admin.logentry", "pk": 101, "fields": {"action_time": "2016-10-21T06:56:00.983Z", "user": 1, "content_type": 8, "object_id": "23", "object_repr": "45C92177", "action_flag": 2, "change_message": "[{\"changed\": {\"fields\": [\"active_player\"]}}]"}}, {"model": "admin.logentry", "pk": 102, "fields": {"action_time": "2016-10-21T06:56:05.090Z", "user": 1, "content_type": 8, "object_id": "23", "object_repr": "45C92177", "action_flag": 2, "change_message": "[]"}}, {"model": "admin.logentry", "pk": 103, "fields": {"action_time": "2016-10-21T06:56:58.835Z", "user": 1, "content_type": 8, "object_id": "24", "object_repr": "C21786EC", "action_flag": 2, "change_message": "[]"}}, {"model": "admin.logentry", "pk": 104, "fields": {"action_time": "2016-10-21T06:57:13.125Z", "user": 1, "content_type": 8, "object_id": "20", "object_repr": "5500A775", "action_flag": 2, "change_message": "[{\"changed\": {\"fields\": [\"active_player\"]}}]"}}, {"model": "admin.logentry", "pk": 105, "fields": {"action_time": "2016-10-21T06:57:25.943Z", "user": 1, "content_type": 11, "object_id": "11", "object_repr": "player_11", "action_flag": 3, "change_message": ""}}, {"model": "admin.logentry", "pk": 106, "fields": {"action_time": "2016-10-21T06:57:25.953Z", "user": 1, "content_type": 11, "object_id": "10", "object_repr": "player_10", "action_flag": 3, "change_message": ""}}, {"model": "admin.logentry", "pk": 107, "fields": {"action_time": "2016-10-21T06:57:25.960Z", "user": 1, "content_type": 11, "object_id": "9", "object_repr": "player_9", "action_flag": 3, "change_message": ""}}, {"model": "admin.logentry", "pk": 108, "fields": {"action_time": "2016-10-21T06:57:25.968Z", "user": 1, "content_type": 11, "object_id": "8", "object_repr": "player_8", "action_flag": 3, "change_message": ""}}, {"model": "admin.logentry", "pk": 109, "fields": {"action_time": "2016-10-21T06:57:25.970Z", "user": 1, "content_type": 11, "object_id": "7", "object_repr": "player_7", "action_flag": 3, "change_message": ""}}, {"model": "admin.logentry", "pk": 110, "fields": {"action_time": "2016-10-21T06:57:25.973Z", "user": 1, "content_type": 11, "object_id": "6", "object_repr": "player_6", "action_flag": 3, "change_message": ""}}, {"model": "admin.logentry", "pk": 111, "fields": {"action_time": "2016-10-21T06:57:25.975Z", "user": 1, "content_type": 11, "object_id": "5", "object_repr": "player_5", "action_flag": 3, "change_message": ""}}, {"model": "admin.logentry", "pk": 112, "fields": {"action_time": "2016-10-21T07:31:30.821Z", "user": 1, "content_type": 13, "object_id": "35", "object_repr": "question_35", "action_flag": 2, "change_message": "[{\"changed\": {\"fields\": [\"right_picture_url\"]}}]"}}, {"model": "admin.logentry", "pk": 113, "fields": {"action_time": "2016-10-21T07:51:10.040Z", "user": 1, "content_type": 10, "object_id": "2", "object_repr": "Two", "action_flag": 2, "change_message": "[{\"changed\": {\"fields\": [\"online\"]}}]"}}, {"model": "admin.logentry", "pk": 114, "fields": {"action_time": "2016-10-21T07:53:25.758Z", "user": 1, "content_type": 8, "object_id": "26", "object_repr": "160C7812", "action_flag": 2, "change_message": "[{\"changed\": {\"fields\": [\"active_player\"]}}]"}}, {"model": "admin.logentry", "pk": 115, "fields": {"action_time": "2016-10-21T07:53:34.077Z", "user": 1, "content_type": 8, "object_id": "23", "object_repr": "45C92177", "action_flag": 2, "change_message": "[{\"changed\": {\"fields\": [\"active_player\"]}}]"}}, {"model": "admin.logentry", "pk": 116, "fields": {"action_time": "2016-10-21T07:53:42.094Z", "user": 1, "content_type": 11, "object_id": "13", "object_repr": "player_13", "action_flag": 3, "change_message": ""}}, {"model": "admin.logentry", "pk": 117, "fields": {"action_time": "2016-10-21T07:53:42.098Z", "user": 1, "content_type": 11, "object_id": "12", "object_repr": "player_12", "action_flag": 3, "change_message": ""}}, {"model": "admin.logentry", "pk": 118, "fields": {"action_time": "2016-10-21T08:02:10.750Z", "user": 1, "content_type": 10, "object_id": "1", "object_repr": "One", "action_flag": 2, "change_message": "[{\"changed\": {\"fields\": [\"online\"]}}]"}}, {"model": "admin.logentry", "pk": 119, "fields": {"action_time": "2016-10-21T08:02:21.893Z", "user": 1, "content_type": 10, "object_id": "1", "object_repr": "One", "action_flag": 2, "change_message": "[{\"changed\": {\"fields\": [\"online\"]}}]"}}, {"model": "admin.logentry", "pk": 120, "fields": {"action_time": "2016-10-21T08:17:44.098Z", "user": 1, "content_type": 10, "object_id": "2", "object_repr": "Two", "action_flag": 2, "change_message": "[{\"changed\": {\"fields\": [\"online\"]}}]"}}, {"model": "admin.logentry", "pk": 121, "fields": {"action_time": "2016-10-21T08:18:24.986Z", "user": 1, "content_type": 13, "object_id": "5", "object_repr": "question_5", "action_flag": 2, "change_message": "[{\"changed\": {\"fields\": [\"is_left_correct\"]}}]"}}, {"model": "admin.logentry", "pk": 122, "fields": {"action_time": "2016-10-21T08:21:42.552Z", "user": 1, "content_type": 13, "object_id": "9", "object_repr": "question_9", "action_flag": 2, "change_message": "[{\"changed\": {\"fields\": [\"left_picture_url\", \"right_picture_url\"]}}]"}}, {"model": "admin.logentry", "pk": 123, "fields": {"action_time": "2016-10-21T08:23:08.250Z", "user": 1, "content_type": 13, "object_id": "11", "object_repr": "question_11", "action_flag": 2, "change_message": "[{\"changed\": {\"fields\": [\"right_picture_url\"]}}]"}}, {"model": "admin.logentry", "pk": 124, "fields": {"action_time": "2016-10-21T08:23:57.973Z", "user": 1, "content_type": 13, "object_id": "12", "object_repr": "question_12", "action_flag": 2, "change_message": "[{\"changed\": {\"fields\": [\"left_picture_url\"]}}]"}}, {"model": "admin.logentry", "pk": 125, "fields": {"action_time": "2016-10-21T08:25:29.896Z", "user": 1, "content_type": 13, "object_id": "21", "object_repr": "question_21", "action_flag": 2, "change_message": "[{\"changed\": {\"fields\": [\"left_picture_url\", \"right_picture_url\"]}}]"}}, {"model": "admin.logentry", "pk": 126, "fields": {"action_time": "2016-10-21T08:26:05.923Z", "user": 1, "content_type": 13, "object_id": "22", "object_repr": "question_22", "action_flag": 2, "change_message": "[{\"changed\": {\"fields\": [\"right_picture_url\"]}}]"}}, {"model": "admin.logentry", "pk": 127, "fields": {"action_time": "2016-10-21T08:29:19.782Z", "user": 1, "content_type": 13, "object_id": "24", "object_repr": "question_24", "action_flag": 3, "change_message": ""}}, {"model": "admin.logentry", "pk": 128, "fields": {"action_time": "2016-10-21T08:39:13.298Z", "user": 1, "content_type": 13, "object_id": "25", "object_repr": "question_25", "action_flag": 2, "change_message": "[{\"changed\": {\"fields\": [\"terminal\"]}}]"}}, {"model": "admin.logentry", "pk": 129, "fields": {"action_time": "2016-10-21T08:57:40.754Z", "user": 1, "content_type": 8, "object_id": "27", "object_repr": "362FFF02", "action_flag": 2, "change_message": "[{\"changed\": {\"fields\": [\"active_player\"]}}]"}}, {"model": "admin.logentry", "pk": 130, "fields": {"action_time": "2016-10-21T08:57:44.196Z", "user": 1, "content_type": 8, "object_id": "26", "object_repr": "160C7812", "action_flag": 2, "change_message": "[{\"changed\": {\"fields\": [\"active_player\"]}}]"}}, {"model": "admin.logentry", "pk": 131, "fields": {"action_time": "2016-10-21T08:57:55.955Z", "user": 1, "content_type": 8, "object_id": "23", "object_repr": "45C92177", "action_flag": 2, "change_message": "[{\"changed\": {\"fields\": [\"active_player\"]}}]"}}, {"model": "admin.logentry", "pk": 132, "fields": {"action_time": "2016-10-21T08:57:59.770Z", "user": 1, "content_type": 8, "object_id": "22", "object_repr": "1507E452", "action_flag": 2, "change_message": "[{\"changed\": {\"fields\": [\"active_player\"]}}]"}}, {"model": "admin.logentry", "pk": 133, "fields": {"action_time": "2016-10-21T09:17:10.480Z", "user": 1, "content_type": 10, "object_id": "1", "object_repr": "One", "action_flag": 2, "change_message": "[{\"changed\": {\"fields\": [\"online\"]}}]"}}, {"model": "admin.logentry", "pk": 134, "fields": {"action_time": "2016-10-21T09:22:13.422Z", "user": 1, "content_type": 8, "object_id": "27", "object_repr": "362FFF02", "action_flag": 2, "change_message": "[{\"changed\": {\"fields\": [\"active_player\"]}}]"}}, {"model": "admin.logentry", "pk": 135, "fields": {"action_time": "2016-10-21T09:22:32.547Z", "user": 1, "content_type": 8, "object_id": "22", "object_repr": "1507E452", "action_flag": 2, "change_message": "[{\"changed\": {\"fields\": [\"active_player\"]}}]"}}, {"model": "admin.logentry", "pk": 136, "fields": {"action_time": "2016-10-21T09:48:57.022Z", "user": 1, "content_type": 10, "object_id": "2", "object_repr": "Two", "action_flag": 2, "change_message": "[{\"changed\": {\"fields\": [\"online\"]}}]"}}, {"model": "admin.logentry", "pk": 137, "fields": {"action_time": "2016-10-21T10:00:16.130Z", "user": 1, "content_type": 13, "object_id": "22", "object_repr": "question_22", "action_flag": 2, "change_message": "[{\"changed\": {\"fields\": [\"left_picture_url\", \"right_picture_url\"]}}]"}}, {"model": "admin.logentry", "pk": 138, "fields": {"action_time": "2016-10-21T10:08:12.775Z", "user": 1, "content_type": 13, "object_id": "12", "object_repr": "question_12", "action_flag": 2, "change_message": "[{\"changed\": {\"fields\": [\"left_picture_url\", \"right_picture_url\"]}}]"}}, {"model": "admin.logentry", "pk": 139, "fields": {"action_time": "2016-10-21T10:10:24.731Z", "user": 1, "content_type": 13, "object_id": "21", "object_repr": "question_21", "action_flag": 2, "change_message": "[{\"changed\": {\"fields\": [\"text\"]}}]"}}, {"model": "admin.logentry", "pk": 140, "fields": {"action_time": "2016-10-21T10:11:13.978Z", "user": 1, "content_type": 8, "object_id": "27", "object_repr": "362FFF02", "action_flag": 2, "change_message": "[{\"changed\": {\"fields\": [\"active_player\"]}}]"}}, {"model": "admin.logentry", "pk": 141, "fields": {"action_time": "2016-10-21T10:11:16.457Z", "user": 1, "content_type": 8, "object_id": "26", "object_repr": "160C7812", "action_flag": 2, "change_message": "[{\"changed\": {\"fields\": [\"active_player\"]}}]"}}, {"model": "admin.logentry", "pk": 142, "fields": {"action_time": "2016-10-21T10:11:21.911Z", "user": 1, "content_type": 8, "object_id": "23", "object_repr": "45C92177", "action_flag": 2, "change_message": "[{\"changed\": {\"fields\": [\"active_player\"]}}]"}}, {"model": "admin.logentry", "pk": 143, "fields": {"action_time": "2016-10-21T10:11:24.703Z", "user": 1, "content_type": 8, "object_id": "22", "object_repr": "1507E452", "action_flag": 2, "change_message": "[{\"changed\": {\"fields\": [\"active_player\"]}}]"}}, {"model": "admin.logentry", "pk": 144, "fields": {"action_time": "2016-10-21T10:11:56.525Z", "user": 1, "content_type": 10, "object_id": "2", "object_repr": "Two", "action_flag": 2, "change_message": "[{\"changed\": {\"fields\": [\"online\"]}}]"}}, {"model": "admin.logentry", "pk": 145, "fields": {"action_time": "2016-10-21T10:52:24.590Z", "user": 1, "content_type": 10, "object_id": "1", "object_repr": "One", "action_flag": 2, "change_message": "[{\"changed\": {\"fields\": [\"online\"]}}]"}}, {"model": "admin.logentry", "pk": 146, "fields": {"action_time": "2016-10-21T11:05:09.378Z", "user": 1, "content_type": 8, "object_id": "27", "object_repr": "362FFF02", "action_flag": 2, "change_message": "[{\"changed\": {\"fields\": [\"active_player\"]}}]"}}, {"model": "admin.logentry", "pk": 147, "fields": {"action_time": "2016-10-21T11:05:15.163Z", "user": 1, "content_type": 8, "object_id": "26", "object_repr": "160C7812", "action_flag": 2, "change_message": "[{\"changed\": {\"fields\": [\"active_player\"]}}]"}}, {"model": "admin.logentry", "pk": 148, "fields": {"action_time": "2016-10-21T11:48:57.488Z", "user": 1, "content_type": 10, "object_id": "1", "object_repr": "One", "action_flag": 2, "change_message": "[{\"changed\": {\"fields\": [\"online\"]}}]"}}, {"model": "admin.logentry", "pk": 149, "fields": {"action_time": "2016-10-21T11:57:06.274Z", "user": 1, "content_type": 10, "object_id": "1", "object_repr": "One", "action_flag": 2, "change_message": "[{\"changed\": {\"fields\": [\"online\"]}}]"}}, {"model": "admin.logentry", "pk": 150, "fields": {"action_time": "2016-10-21T12:40:23.745Z", "user": 1, "content_type": 8, "object_id": "27", "object_repr": "362FFF02", "action_flag": 2, "change_message": "[{\"changed\": {\"fields\": [\"active_player\"]}}]"}}, {"model": "admin.logentry", "pk": 151, "fields": {"action_time": "2016-10-21T12:40:29.163Z", "user": 1, "content_type": 8, "object_id": "26", "object_repr": "160C7812", "action_flag": 2, "change_message": "[{\"changed\": {\"fields\": [\"active_player\"]}}]"}}, {"model": "admin.logentry", "pk": 152, "fields": {"action_time": "2016-10-21T12:40:38.353Z", "user": 1, "content_type": 8, "object_id": "23", "object_repr": "45C92177", "action_flag": 2, "change_message": "[{\"changed\": {\"fields\": [\"active_player\"]}}]"}}, {"model": "admin.logentry", "pk": 153, "fields": {"action_time": "2016-10-21T12:40:45.361Z", "user": 1, "content_type": 8, "object_id": "22", "object_repr": "1507E452", "action_flag": 2, "change_message": "[{\"changed\": {\"fields\": [\"active_player\"]}}]"}}, {"model": "admin.logentry", "pk": 154, "fields": {"action_time": "2016-10-21T13:03:30.189Z", "user": 1, "content_type": 8, "object_id": "27", "object_repr": "362FFF02", "action_flag": 2, "change_message": "[{\"changed\": {\"fields\": [\"active_player\"]}}]"}}, {"model": "admin.logentry", "pk": 155, "fields": {"action_time": "2016-10-21T13:03:41.594Z", "user": 1, "content_type": 8, "object_id": "22", "object_repr": "1507E452", "action_flag": 2, "change_message": "[{\"changed\": {\"fields\": [\"active_player\"]}}]"}}, {"model": "admin.logentry", "pk": 156, "fields": {"action_time": "2016-10-21T13:06:49.550Z", "user": 1, "content_type": 10, "object_id": "1", "object_repr": "One", "action_flag": 2, "change_message": "[{\"changed\": {\"fields\": [\"online\"]}}]"}}, {"model": "admin.logentry", "pk": 157, "fields": {"action_time": "2016-10-21T13:35:53.394Z", "user": 1, "content_type": 10, "object_id": "1", "object_repr": "One", "action_flag": 2, "change_message": "[{\"changed\": {\"fields\": [\"online\"]}}]"}}]